uid,name,URL
cldvnt6wc004ru21k6dmtq4vg,Fission,https://directory.plnetwork.io/teams/cldvnt6wc004ru21k6dmtq4vg
cldvntcmm0067u21kgljgkbn6,Finnt,https://directory.plnetwork.io/teams/cldvntcmm0067u21kgljgkbn6
cldvntfwf007bu21ki6edz0fn,Ingonyama,https://directory.plnetwork.io/teams/cldvntfwf007bu21ki6edz0fn
cldvnxq0a01k1u21kokziwv54,Ownership Labs (Dataverse),https://directory.plnetwork.io/teams/cldvnxq0a01k1u21kokziwv54
cldvnt643004ju21kuruu5gx5,Exorde Labs,https://directory.plnetwork.io/teams/cldvnt643004ju21kuruu5gx5
cln0f1j0k0000w402zqda5b3h,Fileverse,https://directory.plnetwork.io/teams/cln0f1j0k0000w402zqda5b3h
cldvntdbz006hu21kyl2g5qrq,Speculative Technologies,https://directory.plnetwork.io/teams/cldvntdbz006hu21kyl2g5qrq
cle32fvw40000021f4901dmqj,BLOOP,https://directory.plnetwork.io/teams/cle32fvw40000021f4901dmqj
cldvnt7mm004zu21kc3aacqui,Slate,https://directory.plnetwork.io/teams/cldvnt7mm004zu21kc3aacqui
cldvntb5z005nu21kuxxur0t7,Bunkyr,https://directory.plnetwork.io/teams/cldvntb5z005nu21kuxxur0t7
cldvnt83y0055u21kp6h975xr,Forte Group,https://directory.plnetwork.io/teams/cldvnt83y0055u21kp6h975xr
clthe3lp70005yg022ypg0h3s,FIDL: Filecoin Incentive Design Labs,https://directory.plnetwork.io/teams/clthe3lp70005yg022ypg0h3s
clvv9pjo10007yo022s6ned9w,Devonian,https://directory.plnetwork.io/teams/clvv9pjo10007yo022s6ned9w
clthfrxky000vv902ufapmkh5,bio.xyz,https://directory.plnetwork.io/teams/clthfrxky000vv902ufapmkh5
cldvntl9k0093u21kh5bdptwd,CyberConnect,https://directory.plnetwork.io/teams/cldvntl9k0093u21kh5bdptwd
cldvntgvi007nu21k5ojhnkh1,"Pont Co., Ltd.",https://directory.plnetwork.io/teams/cldvntgvi007nu21k5ojhnkh1
cldvnthac007tu21kypf2amaa,aleph.im,https://directory.plnetwork.io/teams/cldvnthac007tu21kypf2amaa
cldvnti6n0085u21kh8rtpizk,LongHash Ventures,https://directory.plnetwork.io/teams/cldvnti6n0085u21kh8rtpizk
cliuv9hwt00000x02tn18bqze,Sgnal,https://directory.plnetwork.io/teams/cliuv9hwt00000x02tn18bqze
cldvntjf9008lu21k3vprywrj,LabDAO,https://directory.plnetwork.io/teams/cldvntjf9008lu21k3vprywrj
cldvntjy9008ru21k0t9746k8,Magmo,https://directory.plnetwork.io/teams/cldvntjy9008ru21k0t9746k8
cldvntiqk008du21kffdyujn6,Lit Protocol,https://directory.plnetwork.io/teams/cldvntiqk008du21kffdyujn6
cldvntlxh009bu21kg8yy8reh,blocz,https://directory.plnetwork.io/teams/cldvntlxh009bu21kg8yy8reh
cldvntmh6009ju21k9wn3obhu,IOSG Ventures,https://directory.plnetwork.io/teams/cldvntmh6009ju21k9wn3obhu
cllcpa28v000b0502ja72957o,Supermodular,https://directory.plnetwork.io/teams/cllcpa28v000b0502ja72957o
cldvnthr5007zu21kq3bllsc5,Kotal,https://directory.plnetwork.io/teams/cldvnthr5007zu21kq3bllsc5
cleei8076000002txgncl9dds,Lomads,https://directory.plnetwork.io/teams/cleei8076000002txgncl9dds
cliuw30fu0002w502nq7ezyvn,Gensyn,https://directory.plnetwork.io/teams/cliuw30fu0002w502nq7ezyvn
cldvntvou00bju21ksihnvixq,Agoric,https://directory.plnetwork.io/teams/cldvntvou00bju21ksihnvixq
cldvnttj800anu21kziptifp7,HyperDapp,https://directory.plnetwork.io/teams/cldvnttj800anu21kziptifp7
cldvntz4h00cnu21kof8bz2qy,DXOS (Braneframe),https://directory.plnetwork.io/teams/cldvntz4h00cnu21kof8bz2qy
cldvntsca00a7u21kgj6d615b,Ecko,https://directory.plnetwork.io/teams/cldvntsca00a7u21kgj6d615b
cldvntu1q00avu21klr2gax1p,Polygon,https://directory.plnetwork.io/teams/cldvntu1q00avu21klr2gax1p
cldvntuj500b3u21k92fdw3pn,LZero,https://directory.plnetwork.io/teams/cldvntuj500b3u21k92fdw3pn
clof8rdi60006ug02bjkz2zu9,DeStor,https://directory.plnetwork.io/teams/clof8rdi60006ug02bjkz2zu9
cldvntwx200bzu21kicfugfz2,Polywrap,https://directory.plnetwork.io/teams/cldvntwx200bzu21kicfugfz2
cldvnty7w00cbu21ku94lbyuz,Bust Out,https://directory.plnetwork.io/teams/cldvnty7w00cbu21ku94lbyuz
cldvnu54i00etu21k6tn74iaa,Joyn (Chestr Labs),https://directory.plnetwork.io/teams/cldvnu54i00etu21k6tn74iaa
cldvnu4di00elu21koqihwo82,Autonomy Network,https://directory.plnetwork.io/teams/cldvnu4di00elu21koqihwo82
cldvnu2zq00e5u21kmde2p0pi,Chingari,https://directory.plnetwork.io/teams/cldvnu2zq00e5u21kmde2p0pi
clly0eb430012zw023h74clt3,Archipelago,https://directory.plnetwork.io/teams/clly0eb430012zw023h74clt3
cldvnvha800spu21km47wbmeh,IP Stewards,https://directory.plnetwork.io/teams/cldvnvha800spu21km47wbmeh
cldvntyng00chu21k84brg0fj,Tamago Labs,https://directory.plnetwork.io/teams/cldvntyng00chu21k84brg0fj
cldvnu5l000ezu21knvu61bub,StorSwift,https://directory.plnetwork.io/teams/cldvnu5l000ezu21knvu61bub
cldvnu68o00f5u21kevpdm7i1,Enlightra,https://directory.plnetwork.io/teams/cldvnu68o00f5u21kevpdm7i1
cleeky1re000202tx3kex3knn,--,https://directory.plnetwork.io/teams/cleeky1re000202tx3kex3knn
cllkxki6p00031d02ydfxxtcq,Lineage Protocol,https://directory.plnetwork.io/teams/cllkxki6p00031d02ydfxxtcq
cluis7jwt000ksi02rtr1r199,Wikipedia,https://directory.plnetwork.io/teams/cluis7jwt000ksi02rtr1r199
cldvnu7gm00flu21ky2bhqgq7,Gitcoin,https://directory.plnetwork.io/teams/cldvnu7gm00flu21ky2bhqgq7
cldvnuc7d00h3u21k7hfn2kmg,Safe,https://directory.plnetwork.io/teams/cldvnuc7d00h3u21k7hfn2kmg
cldvnueku00htu21kova1reug,Celestia,https://directory.plnetwork.io/teams/cldvnueku00htu21kova1reug
cldvnucsc00hbu21kw9mu4ok0,Butter,https://directory.plnetwork.io/teams/cldvnucsc00hbu21kw9mu4ok0
cldvnu1g000dhu21kig47txoz,PowerLoom Protocol,https://directory.plnetwork.io/teams/cldvnu1g000dhu21kig47txoz
cldvnu87p00ftu21kduacyp25,Spritely Institute,https://directory.plnetwork.io/teams/cldvnu87p00ftu21kduacyp25
cldvnu9ct00g3u21k1r0xzp48,FogMeta,https://directory.plnetwork.io/teams/cldvnu9ct00g3u21k1r0xzp48
cldvnubn100gvu21ks0ids4h5,Rarilabs,https://directory.plnetwork.io/teams/cldvnubn100gvu21ks0ids4h5
cldvnub3r00gpu21kxs3ri1jn,Bacalhau,https://directory.plnetwork.io/teams/cldvnub3r00gpu21kxs3ri1jn
cldvntv0a00b9u21kbusi8zvx,Anytype,https://directory.plnetwork.io/teams/cldvntv0a00b9u21kbusi8zvx
cldvnu9tx00gbu21kt71xccn2,Chain Agnostic Standards Alliance,https://directory.plnetwork.io/teams/cldvnu9tx00gbu21kt71xccn2
cldvnuddw00hhu21kiipyun1u,Resolutio,https://directory.plnetwork.io/teams/cldvnuddw00hhu21kiipyun1u
cldvnz7bq022ju21kfmd3lsqa,Digital Gaia,https://directory.plnetwork.io/teams/cldvnz7bq022ju21kfmd3lsqa
cleh96bkb000102ysa8y25ekk,DAOrecords,https://directory.plnetwork.io/teams/cleh96bkb000102ysa8y25ekk
cldvnug0w00ibu21kb0jk7lks,0xEssential,https://directory.plnetwork.io/teams/cldvnug0w00ibu21kb0jk7lks
cldvnumwd00jzu21khsxeg7qb,Filebase,https://directory.plnetwork.io/teams/cldvnumwd00jzu21khsxeg7qb
cldvnxnh101j3u21k31arv677,Zondax,https://directory.plnetwork.io/teams/cldvnxnh101j3u21k31arv677
cldvnujei00jhu21kcmuaa5xi,Nebula Blockchain Frontier Solutions Inc.,https://directory.plnetwork.io/teams/cldvnujei00jhu21kcmuaa5xi
cldvnum8c00jtu21klx4v0ega,Taubyte,https://directory.plnetwork.io/teams/cldvnum8c00jtu21klx4v0ega
cloohy2iz0000v0022l0e8aqy,Bagel,https://directory.plnetwork.io/teams/cloohy2iz0000v0022l0e8aqy
cldvnuo0i00kdu21kqa4tzjwf,Manta Ray Labs,https://directory.plnetwork.io/teams/cldvnuo0i00kdu21kqa4tzjwf
clpn5dpzq0002ug02yjvsizh4,Jara Analytics,https://directory.plnetwork.io/teams/clpn5dpzq0002ug02yjvsizh4
cldvnui7y00izu21kqembdbjs,Gate.io,https://directory.plnetwork.io/teams/cldvnui7y00izu21kqembdbjs
cldvnv1gm00ndu21k6j4zdheb,Buildspace (Zip Education),https://directory.plnetwork.io/teams/cldvnv1gm00ndu21k6j4zdheb
cldvnuu9200lvu21kxcdgmnla,Kosen Labs,https://directory.plnetwork.io/teams/cldvnuu9200lvu21kxcdgmnla
cldvnupk500kxu21kchzhi4i4,Endless Jewellery,https://directory.plnetwork.io/teams/cldvnupk500kxu21kchzhi4i4
cldvnut8l00lhu21kktfw86i8,Clockwork Labs,https://directory.plnetwork.io/teams/cldvnut8l00lhu21kktfw86i8
cldvnutqf00lpu21kzdo6upic,YOMI,https://directory.plnetwork.io/teams/cldvnutqf00lpu21kzdo6upic
cldvnuq3f00l5u21k37vaw71g,MeMusic,https://directory.plnetwork.io/teams/cldvnuq3f00l5u21k37vaw71g
clpr2ryag0002vg02fmgdd6ay,Holonym,https://directory.plnetwork.io/teams/clpr2ryag0002vg02fmgdd6ay
cldvnuyk800mdu21ksy83jflx,Force Community,https://directory.plnetwork.io/teams/cldvnuyk800mdu21ksy83jflx
cldvnuz4700mlu21k18lkusen,Photure Inc,https://directory.plnetwork.io/teams/cldvnuz4700mlu21k18lkusen
cldvnuzri00mru21kowsvz48q,Canza Finance (Saukibit),https://directory.plnetwork.io/teams/cldvnuzri00mru21kowsvz48q
cldvnupjr00kvu21kt7fju4gj,Paras,https://directory.plnetwork.io/teams/cldvnupjr00kvu21kt7fju4gj
cldvnuur900m1u21kgtfpb0xa,Ancient WarriorsNFT,https://directory.plnetwork.io/teams/cldvnuur900m1u21kgtfpb0xa
cldvnv11v00n7u21k5lo6lcv4,Meson.Network,https://directory.plnetwork.io/teams/cldvnv11v00n7u21k5lo6lcv4
cldvnv0gy00mzu21k5g3c6qlr,OmniLingo,https://directory.plnetwork.io/teams/cldvnv0gy00mzu21k5g3c6qlr
clehcl0zr000002wa68ks7xvu,dag.house,https://directory.plnetwork.io/teams/clehcl0zr000002wa68ks7xvu
cldvnv5hd00otu21ko6hpv0x0,Skiff,https://directory.plnetwork.io/teams/cldvnv5hd00otu21ko6hpv0x0
cldvnv2dt00nru21kvifmti1e,EQTY Lab (Arc Collective),https://directory.plnetwork.io/teams/cldvnv2dt00nru21kvifmti1e
cldvnv42600odu21khja94pdx,DAO.xyz,https://directory.plnetwork.io/teams/cldvnv42600odu21khja94pdx
cldvnv4gl00oju21kph17dshi,Satellite.im,https://directory.plnetwork.io/teams/cldvnv4gl00oju21kph17dshi
cldvnv2wa00nzu21kd194wsxz,libp2p,https://directory.plnetwork.io/teams/cldvnv2wa00nzu21kd194wsxz
cldvnv5yz00ozu21ky8hgvmqd,H.E.R DAO,https://directory.plnetwork.io/teams/cldvnv5yz00ozu21ky8hgvmqd
cldvnywp301yhu21kljz7e8uj,EFF.org,https://directory.plnetwork.io/teams/cldvnywp301yhu21kljz7e8uj
cldvnxd2901fbu21k35ctzlvz,Warpforge,https://directory.plnetwork.io/teams/cldvnxd2901fbu21k35ctzlvz
cldvnv82z00ptu21ksvewz4tl,Parcel,https://directory.plnetwork.io/teams/cldvnv82z00ptu21ksvewz4tl
cleivihrb000002wx7pp80lxl,Covatar,https://directory.plnetwork.io/teams/cleivihrb000002wx7pp80lxl
clrl9mwzn0004vp0219y2851j,FluidNFT Labs,https://directory.plnetwork.io/teams/clrl9mwzn0004vp0219y2851j
cldvnv9m900qfu21kl8sv6ffi,XONE (Auras Studios),https://directory.plnetwork.io/teams/cldvnv9m900qfu21kl8sv6ffi
cldvnvdo300rhu21ko06zdwol,Socialroots.io,https://directory.plnetwork.io/teams/cldvnvdo300rhu21ko06zdwol
clu1ddcze000it302cfwvopyr,Stealth,https://directory.plnetwork.io/teams/clu1ddcze000it302cfwvopyr
cldvnv6z100pdu21k07yeygvx,MeTag,https://directory.plnetwork.io/teams/cldvnv6z100pdu21k07yeygvx
clnahss8v0005sa023qv2eum2,Space Meridian,https://directory.plnetwork.io/teams/clnahss8v0005sa023qv2eum2
cluk5o11f000pzg02py19t6k3,DeSciWorld,https://directory.plnetwork.io/teams/cluk5o11f000pzg02py19t6k3
cldvnyjpr01u1u21k996zsq8z,Browsers & Platforms,https://directory.plnetwork.io/teams/cldvnyjpr01u1u21k996zsq8z
cldvnv8lg00q1u21krqj5467u,Lateral,https://directory.plnetwork.io/teams/cldvnv8lg00q1u21krqj5467u
clu75gcon000jum02qvn6fyri,Nova Energy,https://directory.plnetwork.io/teams/clu75gcon000jum02qvn6fyri
cldvnvj3t00t9u21kglyrncuy,CryptoNet,https://directory.plnetwork.io/teams/cldvnvj3t00t9u21kglyrncuy
clordulgc00000102cybls13s,filscan.io,https://directory.plnetwork.io/teams/clordulgc00000102cybls13s
clm6hke1h0006x8029bnsly57,Lilypad,https://directory.plnetwork.io/teams/clm6hke1h0006x8029bnsly57
clmz0pdgm000lu7027fz30nw3,Network3,https://directory.plnetwork.io/teams/clmz0pdgm000lu7027fz30nw3
clovnjmsj0019qq02ybv5yfat,HASS,https://directory.plnetwork.io/teams/clovnjmsj0019qq02ybv5yfat
cldvnvebx00rpu21k28di10jq,Filecoin Retrieval Markets,https://directory.plnetwork.io/teams/cldvnvebx00rpu21k28di10jq
cldvnvf8z00rxu21kzz8e7qla,CID Gravity,https://directory.plnetwork.io/teams/cldvnvf8z00rxu21kzz8e7qla
cldvnvgg100sfu21kxpwlow28,Status,https://directory.plnetwork.io/teams/cldvnvgg100sfu21kxpwlow28
cldvnvr0j00vzu21k72szh59a,Developers & Collabs,https://directory.plnetwork.io/teams/cldvnvr0j00vzu21k72szh59a
clj4xkeuy0006nn02euiz6hwn,Audit Wizard,https://directory.plnetwork.io/teams/clj4xkeuy0006nn02euiz6hwn
clu8lh2yn0025ye023x2jrz6y,Blockcast,https://directory.plnetwork.io/teams/clu8lh2yn0025ye023x2jrz6y
cldvnvr0400vxu21kdzs1q4s4,CoinList,https://directory.plnetwork.io/teams/cldvnvr0400vxu21kdzs1q4s4
cldvnuher00iru21kdlofrd06,Little Bear Labs,https://directory.plnetwork.io/teams/cldvnuher00iru21kdlofrd06
cldvnvryq00w9u21kd7bvfdgj,Slik Photos (Rainbow Labs),https://directory.plnetwork.io/teams/cldvnvryq00w9u21kd7bvfdgj
cldvnvmqv00uju21k0064cxjk,Solace,https://directory.plnetwork.io/teams/cldvnvmqv00uju21k0064cxjk
cldvnvoqj00v3u21kksm2wayw,KVYE,https://directory.plnetwork.io/teams/cldvnvoqj00v3u21kksm2wayw
cldvnvpcq00v9u21kmxr03cgb,Halborn,https://directory.plnetwork.io/teams/cldvnvpcq00v9u21kmxr03cgb
clen79xed000002vg8ly9cb8c,Rumi (Waitroom),https://directory.plnetwork.io/teams/clen79xed000002vg8ly9cb8c
cldvnvqhi00vpu21kkal6f1lp,Props,https://directory.plnetwork.io/teams/cldvnvqhi00vpu21kkal6f1lp
clmhugovn0008yd02n89u1znx,Forkbomb,https://directory.plnetwork.io/teams/clmhugovn0008yd02n89u1znx
cldvnvo4o00uxu21k37loszif,Pixelmatters,https://directory.plnetwork.io/teams/cldvnvo4o00uxu21k37loszif
cldvnw0ed00z5u21kxl06i5uw,Nimi,https://directory.plnetwork.io/teams/cldvnw0ed00z5u21kxl06i5uw
cldvnvm8l00udu21k4ljecqdz,web3mine (Filmine),https://directory.plnetwork.io/teams/cldvnvm8l00udu21k4ljecqdz
cldvnvvpd00xfu21kkivx0a5g,AKASHA Foundation,https://directory.plnetwork.io/teams/cldvnvvpd00xfu21kkivx0a5g
cldvnvzyk00yzu21kzjq4ul5y,Decrypt,https://directory.plnetwork.io/teams/cldvnvzyk00yzu21kzjq4ul5y
cldvnu2gv00dvu21kumoo4bdt,Hedgey,https://directory.plnetwork.io/teams/cldvnu2gv00dvu21kumoo4bdt
cldvnvzh400ytu21k7zh2y1qs,MintGate,https://directory.plnetwork.io/teams/cldvnvzh400ytu21k7zh2y1qs
cldvnvyxx00ylu21kpa9sv9pd,"Matrix (New Vector, Element)",https://directory.plnetwork.io/teams/cldvnvyxx00ylu21kpa9sv9pd
cldvnvv0o00x9u21kk5sacswo,TimeScale,https://directory.plnetwork.io/teams/cldvnvv0o00x9u21kk5sacswo
cldvnvuig00x3u21kvtovoi86,Cryptio,https://directory.plnetwork.io/teams/cldvnvuig00x3u21kvtovoi86
cldvnvxxz00y5u21kffve6vzq,Liker Land,https://directory.plnetwork.io/teams/cldvnvxxz00y5u21kffve6vzq
cldvnvt8800wpu21k3vb0g8lp,Syndicate,https://directory.plnetwork.io/teams/cldvnvt8800wpu21k3vb0g8lp
cldvnvyex00ydu21kczkgyfun,Legacy,https://directory.plnetwork.io/teams/cldvnvyex00ydu21kczkgyfun
clen8nd4b000102ssg5u9a2fo,Mercle,https://directory.plnetwork.io/teams/clen8nd4b000102ssg5u9a2fo
cldvnvwch00xlu21kkg9hjyde,Smart Money (SmartFunds),https://directory.plnetwork.io/teams/cldvnvwch00xlu21kkg9hjyde
cldvnw4h70109u21k3eey0m4y,Nifty Royale,https://directory.plnetwork.io/teams/cldvnw4h70109u21k3eey0m4y
cldvnw7xf011du21kg5x6308c,ConsenSys,https://directory.plnetwork.io/teams/cldvnw7xf011du21kg5x6308c
cldvnw3c200zvu21kt8o4iw64,Charity Engine,https://directory.plnetwork.io/teams/cldvnw3c200zvu21kt8o4iw64
cldvnw3w50101u21k85nzy6ic,Gather,https://directory.plnetwork.io/teams/cldvnw3w50101u21k85nzy6ic
cldvnw4wy010fu21kx67sklsl,Winder.AI,https://directory.plnetwork.io/teams/cldvnw4wy010fu21kx67sklsl
cltrmvr3j0000w102xliib9c1,Allegro,https://directory.plnetwork.io/teams/cltrmvr3j0000w102xliib9c1
cldvnw5jq010nu21k114gvxxz,Matters Lab,https://directory.plnetwork.io/teams/cldvnw5jq010nu21k114gvxxz
cldvnw8le011lu21kgt3u7tez,Blockchain Gaming,https://directory.plnetwork.io/teams/cldvnw8le011lu21kgt3u7tez
cldvnwum1018nu21kgf4fn0jn,Forkast.News,https://directory.plnetwork.io/teams/cldvnwum1018nu21kgf4fn0jn
clnf00x37000mx402ou9gwtd2,Funding the Commons,https://directory.plnetwork.io/teams/clnf00x37000mx402ou9gwtd2
clukldp2a001nzg02hp0eh7uy,Edge City,https://directory.plnetwork.io/teams/clukldp2a001nzg02hp0eh7uy
cldvnwbfd012nu21kprxyrcg2,Seal Storage Technology,https://directory.plnetwork.io/teams/cldvnwbfd012nu21kprxyrcg2
cldvnw9r30123u21khlpf6ziy,Pragma,https://directory.plnetwork.io/teams/cldvnw9r30123u21khlpf6ziy
cldvnwgo00147u21kezgnme7i,Clam Island,https://directory.plnetwork.io/teams/cldvnwgo00147u21kezgnme7i
cldvnwf1v013nu21ku44m0q4t,Agency Undone,https://directory.plnetwork.io/teams/cldvnwf1v013nu21ku44m0q4t
cldvnwdyd0139u21k0vf91kvn,GalaxyX,https://directory.plnetwork.io/teams/cldvnwdyd0139u21k0vf91kvn
cldvnweho013fu21kn32h16g1,Mission,https://directory.plnetwork.io/teams/cldvnweho013fu21kn32h16g1
cltrnwlvt0008w102p9lbdmqd,FILStor,https://directory.plnetwork.io/teams/cltrnwlvt0008w102p9lbdmqd
cldvnvrig00w5u21k62zpb5pv,MetaPals,https://directory.plnetwork.io/teams/cldvnvrig00w5u21k62zpb5pv
cldvnw9qr0121u21kbhp61tvs,Archblock (TrustToken),https://directory.plnetwork.io/teams/cldvnw9qr0121u21kbhp61tvs
cldvnxa0w01e3u21kh4uh4tjm,Mosaia,https://directory.plnetwork.io/teams/cldvnxa0w01e3u21kh4uh4tjm
cldvnwczq012zu21kllwhrdqv,Chaindrop (Origami),https://directory.plnetwork.io/teams/cldvnwczq012zu21kllwhrdqv
cldvnwai20129u21k58q2wwcu,Near Foundation,https://directory.plnetwork.io/teams/cldvnwai20129u21k58q2wwcu
cltndeh22001qv002m4k1vbdf,Reppo Labs,https://directory.plnetwork.io/teams/cltndeh22001qv002m4k1vbdf
cldvnwomp016fu21kg0j6ikat,2Cents (BikePath),https://directory.plnetwork.io/teams/cldvnwomp016fu21kg0j6ikat
clts1nx1k000ow602xhtw1l0e,Cosmik,https://directory.plnetwork.io/teams/clts1nx1k000ow602xhtw1l0e
cldvnwmay015vu21kliuy0yud,Motley Labs,https://directory.plnetwork.io/teams/cldvnwmay015vu21kliuy0yud
cldvnwjnr014zu21kpfezc95g,Niural,https://directory.plnetwork.io/teams/cldvnwjnr014zu21kpfezc95g
cldvnwk890157u21kihh0a3ci,SourceCred,https://directory.plnetwork.io/teams/cldvnwk890157u21kihh0a3ci
clen9fvrw000202ssbiwz1v9l,Spheron Network,https://directory.plnetwork.io/teams/clen9fvrw000202ssbiwz1v9l
cldvnwl78015ju21kpmctovej,double jump.tokyo,https://directory.plnetwork.io/teams/cldvnwl78015ju21kpmctovej
clnnn3sw0000cum021ia0fl3f,Kariba Labs,https://directory.plnetwork.io/teams/clnnn3sw0000cum021ia0fl3f
clukm5ox8000mst02yj1qzs30,Vitalia,https://directory.plnetwork.io/teams/clukm5ox8000mst02yj1qzs30
cldvnwkp4015du21kv3glgo32,Quiet,https://directory.plnetwork.io/teams/cldvnwkp4015du21kv3glgo32
cldvnwqik0175u21k3aeovh82,Fayre Labs,https://directory.plnetwork.io/teams/cldvnwqik0175u21k3aeovh82
cldvnwtyt018hu21k0knak8ed,Reneum,https://directory.plnetwork.io/teams/cldvnwtyt018hu21k0knak8ed
clr6qxl0p0000u602hdjg708d,IPDX,https://directory.plnetwork.io/teams/clr6qxl0p0000u602hdjg708d
cldvnyw8v01ybu21k0ap855tv,DeSci Labs,https://directory.plnetwork.io/teams/cldvnyw8v01ybu21k0ap855tv
clttadqp3000o08025gfj4qpi,Tiny Rebel,https://directory.plnetwork.io/teams/clttadqp3000o08025gfj4qpi
cldvnwsgr017vu21k0466ac4a,Spaceport,https://directory.plnetwork.io/teams/cldvnwsgr017vu21k0466ac4a
cldvnwq1l016zu21kpldi53qp,Cloudflare,https://directory.plnetwork.io/teams/cldvnwq1l016zu21kpldi53qp
cldvnwiez014nu21kp8155lb9,Venus (IPFS Force),https://directory.plnetwork.io/teams/cldvnwiez014nu21kp8155lb9
cldvnwr0h017du21kftz5c3v8,Electric Coin Co,https://directory.plnetwork.io/teams/cldvnwr0h017du21kftz5c3v8
cldvnwrj8017lu21kx7wvmgbb,Outercore,https://directory.plnetwork.io/teams/cldvnwrj8017lu21kx7wvmgbb
cldvnw75y0115u21kzkd2stz6,Lighthouse,https://directory.plnetwork.io/teams/cldvnw75y0115u21kzkd2stz6
cldvnx0ae01anu21khvmqsryo,Coinfeeds,https://directory.plnetwork.io/teams/cldvnx0ae01anu21khvmqsryo
cldvnx1da01azu21kwq8n2f3d,Canvas,https://directory.plnetwork.io/teams/cldvnx1da01azu21kwq8n2f3d
cldvnwwl6019du21kfuyb31k3,Liminal East,https://directory.plnetwork.io/teams/cldvnwwl6019du21kfuyb31k3
cldvnvk7n00tnu21kxwz5v2xp,Filta,https://directory.plnetwork.io/teams/cldvnvk7n00tnu21kxwz5v2xp
clenak28l000402vg3i1y6tjd,Encloud (Bond180),https://directory.plnetwork.io/teams/clenak28l000402vg3i1y6tjd
cldvnx39q01bnu21kxngegtdb,Curio Storage,https://directory.plnetwork.io/teams/cldvnx39q01bnu21kxngegtdb
cldvnx2nb01bhu21kc3bqbbzs,Polyphene,https://directory.plnetwork.io/teams/cldvnx2nb01bhu21kc3bqbbzs
cldvnwza201adu21kffts2w2s,Glitter Protocol,https://directory.plnetwork.io/teams/cldvnwza201adu21kffts2w2s
cldvnwy0f019xu21k8qfi1ppv,Unbanx,https://directory.plnetwork.io/teams/cldvnwy0f019xu21k8qfi1ppv
cldvnww0a0193u21kgm6c15rb,GitPOAP,https://directory.plnetwork.io/teams/cldvnww0a0193u21kgm6c15rb
cllxzdu4l000gvb02s12d5rsq,Almost Impossible,https://directory.plnetwork.io/teams/cllxzdu4l000gvb02s12d5rsq
cldvnwzrt01ahu21kzcw3nj19,Bluesky,https://directory.plnetwork.io/teams/cldvnwzrt01ahu21kzcw3nj19
cldvnx1w601b7u21kreo0odlf,Spexigon,https://directory.plnetwork.io/teams/cldvnx1w601b7u21kreo0odlf
clr5hztot0009yq0232zvjq5w,Ansa Research,https://directory.plnetwork.io/teams/clr5hztot0009yq0232zvjq5w
cldvnwxgg019pu21k22aulx8j,Galadriel,https://directory.plnetwork.io/teams/cldvnwxgg019pu21k22aulx8j
cldvnx5vo01cnu21ka4368lfo,Anjuna,https://directory.plnetwork.io/teams/cldvnx5vo01cnu21ka4368lfo
clttovr93000s0802190cqrrw,IPFS Garden,https://directory.plnetwork.io/teams/clttovr93000s0802190cqrrw
cldvnx3v001bvu21ks18kjo7u,Frame,https://directory.plnetwork.io/teams/cldvnx3v001bvu21ks18kjo7u
cldvnxagi01e9u21kvndah4yq,Golden,https://directory.plnetwork.io/teams/cldvnxagi01e9u21kvndah4yq
cldvnx4u001c9u21kcd3atk9l,KEN Labs,https://directory.plnetwork.io/teams/cldvnx4u001c9u21kcd3atk9l
cldvntdsy006nu21k1yqz9d41,Magna,https://directory.plnetwork.io/teams/cldvntdsy006nu21k1yqz9d41
cldvnx6id01ctu21k8fcggi0r,Window Finance,https://directory.plnetwork.io/teams/cldvnx6id01ctu21k8fcggi0r
cldvnx8kl01dju21kq97nlon2,DexyAI (Respct),https://directory.plnetwork.io/teams/cldvnx8kl01dju21kq97nlon2
clpsh2eb300001202jnuufse5,IPTS,https://directory.plnetwork.io/teams/clpsh2eb300001202jnuufse5
cldvnx91501dpu21kmt8dxbwh,Peanut Protocol,https://directory.plnetwork.io/teams/cldvnx91501dpu21kmt8dxbwh
cldvnx9gq01dvu21k4zkb119f,Faber,https://directory.plnetwork.io/teams/cldvnx9gq01dvu21k4zkb119f
clukngki1000ust02ofz926vb,Radicle,https://directory.plnetwork.io/teams/clukngki1000ust02ofz926vb
cldvnx5bz01cfu21k9nzvfo80,Boto.io,https://directory.plnetwork.io/teams/cldvnx5bz01cfu21k9nzvfo80
cldvnxfaq01g7u21k01b1eoe1,Valist,https://directory.plnetwork.io/teams/cldvnxfaq01g7u21k01b1eoe1
cldvnxe8g01fru21khprfx4wd,Koii,https://directory.plnetwork.io/teams/cldvnxe8g01fru21khprfx4wd
clenb2rcf000502vgfca69tdq,Tools for Humanity (Worldcoin LA),https://directory.plnetwork.io/teams/clenb2rcf000502vgfca69tdq
cldvnxu4e01lhu21kff3tfq4b,FilDev,https://directory.plnetwork.io/teams/cldvnxu4e01lhu21kff3tfq4b
cldvnxdp301fju21k1efz2vni,The Gallery DAO,https://directory.plnetwork.io/teams/cldvnxdp301fju21k1efz2vni
cldvnxerj01fzu21kf8xbl9gf,BLR Media & Events,https://directory.plnetwork.io/teams/cldvnxerj01fzu21kf8xbl9gf
cltf9c0j7000crt02lavmsmkn,CoopHive,https://directory.plnetwork.io/teams/cltf9c0j7000crt02lavmsmkn
cldvnxgga01gnu21k6pxdlabt,Endowl,https://directory.plnetwork.io/teams/cldvnxgga01gnu21k6pxdlabt
cldvnxer701fxu21kdl5jusko,Ceramic Network (3Box),https://directory.plnetwork.io/teams/cldvnxer701fxu21kdl5jusko
cldvnxckj01f3u21klgyjt7oa,3S Game Studio,https://directory.plnetwork.io/teams/cldvnxckj01f3u21klgyjt7oa
clukq63gv0012st023ctc9dui,Drips,https://directory.plnetwork.io/teams/clukq63gv0012st023ctc9dui
clttqwxix000s0a022tmzkhuj,Toothbrush,https://directory.plnetwork.io/teams/clttqwxix000s0a022tmzkhuj
cldvnxhe301gzu21k1hug2g42,Goldsky,https://directory.plnetwork.io/teams/cldvnxhe301gzu21k1hug2g42
cldvnxhv801h7u21k4uxop2xz,Huddle 01,https://directory.plnetwork.io/teams/cldvnxhv801h7u21k4uxop2xz
cldvnxkf201hzu21kq8k2njr8,Dumme (Chaingrep),https://directory.plnetwork.io/teams/cldvnxkf201hzu21kq8k2njr8
cldvnxkwz01i7u21kf3lxr6wg,Metaverse AI,https://directory.plnetwork.io/teams/cldvnxkwz01i7u21kf3lxr6wg
clgqq1jfk000002w1dduh07ko,Expanso,https://directory.plnetwork.io/teams/clgqq1jfk000002w1dduh07ko
cldvnxo6701jbu21kwj6cdd23,Instituto Superior Técnico,https://directory.plnetwork.io/teams/cldvnxo6701jbu21kwj6cdd23
cldvnzb750247u21kjzhfubz9,Filecoin Green,https://directory.plnetwork.io/teams/cldvnzb750247u21kjzhfubz9
cldvnxuv401lpu21k8x7d7n1h,Inflow,https://directory.plnetwork.io/teams/cldvnxuv401lpu21k8x7d7n1h
clerieb95000002wucbcn8y7b,Protocol Labs Global Employment,https://directory.plnetwork.io/teams/clerieb95000002wucbcn8y7b
clpviugup000uy902n8p252bz,DIMO,https://directory.plnetwork.io/teams/clpviugup000uy902n8p252bz
cldvnxiit01hhu21kf6j0h6pk,Starfleet,https://directory.plnetwork.io/teams/cldvnxiit01hhu21kf6j0h6pk
cldvnxmwk01ivu21k0xmu75q2,Athena DAO,https://directory.plnetwork.io/teams/cldvnxmwk01ivu21k0xmu75q2
cljx7ljhy000qto028frre7af,The Ministry of Digital Transformation,https://directory.plnetwork.io/teams/cljx7ljhy000qto028frre7af
cldvnuix600j9u21kpvzfa647,Cycle,https://directory.plnetwork.io/teams/cldvnuix600j9u21kpvzfa647
cldvnxu4101lfu21kxoix4epq,Polybase,https://directory.plnetwork.io/teams/cldvnxu4101lfu21kxoix4epq
cldvnxpi401jtu21kv6co3zn8,Prominence Games,https://directory.plnetwork.io/teams/cldvnxpi401jtu21kv6co3zn8
cldvnwixz014tu21k5q3u9rb0,The Innovation Game,https://directory.plnetwork.io/teams/cldvnwixz014tu21k5q3u9rb0
cldvnvpyd00vju21kxxekmcb7,Cryptosat,https://directory.plnetwork.io/teams/cldvnvpyd00vju21kxxekmcb7
cldvnxtfy01l5u21k1kiejhv7,Cubist,https://directory.plnetwork.io/teams/cldvnxtfy01l5u21k1kiejhv7
clerjvqiy000002vseona9hng,Veritas,https://directory.plnetwork.io/teams/clerjvqiy000002vseona9hng
clk1d6rbx00021g02fvcbmzgt,Extra Labs,https://directory.plnetwork.io/teams/clk1d6rbx00021g02fvcbmzgt
cldvnxp2r01jnu21ke521utg7,Harvard University,https://directory.plnetwork.io/teams/cldvnxp2r01jnu21ke521utg7
cldvnxre401kbu21kglp0i0a9,The AI Responsibility Lab,https://directory.plnetwork.io/teams/cldvnxre401kbu21kglp0i0a9
cldvny1zp01ofu21kja3lvf9d,CCP Games (Eve Token),https://directory.plnetwork.io/teams/cldvny1zp01ofu21kja3lvf9d
cldvnxydg01n5u21kcdgywqa8,$STYLE Protocol,https://directory.plnetwork.io/teams/cldvnxydg01n5u21kcdgywqa8
cldvnysx201x5u21kf49cx4yt,Medium,https://directory.plnetwork.io/teams/cldvnysx201x5u21kf49cx4yt
cldvnxx4n01mpu21kmpbxa67x,Artizen,https://directory.plnetwork.io/teams/cldvnxx4n01mpu21kmpbxa67x
cldvny1jg01o9u21krtd9830z,Fleek,https://directory.plnetwork.io/teams/cldvny1jg01o9u21krtd9830z
cldvntbmg005tu21kzdht6mfj,Notifi,https://directory.plnetwork.io/teams/cldvntbmg005tu21kzdht6mfj
clg3z7ba1000102vv5mihfepm,Orange DAO,https://directory.plnetwork.io/teams/clg3z7ba1000102vv5mihfepm
cldvnxwfj01mfu21k2ipgcwls,PL Accelerators,https://directory.plnetwork.io/teams/cldvnxwfj01mfu21k2ipgcwls
cldvnxydr01n7u21k7d950c9x,Interplanetary Mind Map,https://directory.plnetwork.io/teams/cldvnxydr01n7u21k7d950c9x
cldvnxztf01nnu21k9fkz20ej,CrySP,https://directory.plnetwork.io/teams/cldvnxztf01nnu21k9fkz20ej
cldvny0zx01o1u21kdyui3cl3,Seagate Technology,https://directory.plnetwork.io/teams/cldvny0zx01o1u21kdyui3cl3
clk8by1gs001gxe022illtpoa,OrganAI Health,https://directory.plnetwork.io/teams/clk8by1gs001gxe022illtpoa
cldvny2j301onu21knjvnedzw,Actyx,https://directory.plnetwork.io/teams/cldvny2j301onu21knjvnedzw
cldvny0ce01nvu21kfilcpp5s,"Brandweaver (AlphaBack, SideKik)",https://directory.plnetwork.io/teams/cldvny0ce01nvu21kfilcpp5s
clqfctdmj0000xs02eqhgm07y,FilFi,https://directory.plnetwork.io/teams/clqfctdmj0000xs02eqhgm07y
cldvnybu901r7u21k928vdjsu,Atoms.org,https://directory.plnetwork.io/teams/cldvnybu901r7u21k928vdjsu
clg5cclme000002yb9qpm6n7t,Estuary,https://directory.plnetwork.io/teams/clg5cclme000002yb9qpm6n7t
cldvnyb9f01r1u21kfz311s5e,Huddln,https://directory.plnetwork.io/teams/cldvnyb9f01r1u21kfz311s5e
cldvny80j01qpu21ku16d8ukt,Mask Network (NEFELIBATA FOUNDATION),https://directory.plnetwork.io/teams/cldvny80j01qpu21ku16d8ukt
cldvny4xf01plu21kk4lx95cv,TransCrypts Inc.,https://directory.plnetwork.io/teams/cldvny4xf01plu21kk4lx95cv
cldvny5hj01ptu21kgsaknwwj,Myel,https://directory.plnetwork.io/teams/cldvny5hj01ptu21kgsaknwwj
cldvnz8vc0239u21kwoisj9jc,PalladiumX,https://directory.plnetwork.io/teams/cldvnz8vc0239u21kwoisj9jc
cldvnz7ua022ru21k0a9qd0l3,Capyloon,https://directory.plnetwork.io/teams/cldvnz7ua022ru21k0a9qd0l3
cldvnxxo501mxu21kxat0541k,Orange Comet (Mint State Labs),https://directory.plnetwork.io/teams/cldvnxxo501mxu21kxat0541k
cldvny3px01p5u21k2xvevt5r,Livepeer,https://directory.plnetwork.io/teams/cldvny3px01p5u21k2xvevt5r
cldvnycd201rfu21kalb72osw,Pinata,https://directory.plnetwork.io/teams/cldvnycd201rfu21kalb72osw
cldvny60101q1u21k8ptgexml,Coinshift (MultiSafe),https://directory.plnetwork.io/teams/cldvny60101q1u21k8ptgexml
cldvnydeo01rvu21kf8su5b6u,Capsule Corp Labs,https://directory.plnetwork.io/teams/cldvnydeo01rvu21kf8su5b6u
cldvnyfwj01sru21kpqhs0h29,NearForm,https://directory.plnetwork.io/teams/cldvnyfwj01sru21kpqhs0h29
cldvnyobf01vhu21ke58kgjra,DoinGud,https://directory.plnetwork.io/teams/cldvnyobf01vhu21ke58kgjra
cldvnyh0o01t7u21k5icjto5t,FileDrive Labs,https://directory.plnetwork.io/teams/cldvnyh0o01t7u21k5icjto5t
cldvnyeh401s9u21kp2u9weuw,New Atlantis,https://directory.plnetwork.io/teams/cldvnyeh401s9u21kp2u9weuw
cldvnyffu01slu21kyuneluhf,Filecoin Foundation,https://directory.plnetwork.io/teams/cldvnyffu01slu21kyuneluhf
cldvnwfhs013tu21k8775z0b2,Peeranha,https://directory.plnetwork.io/teams/cldvnwfhs013tu21k8775z0b2
cldvnyiob01tpu21ko6azkuw7,Privy,https://directory.plnetwork.io/teams/cldvnyiob01tpu21ko6azkuw7
clerk0ajg000102wuc2zp2t75,Sumer,https://directory.plnetwork.io/teams/clerk0ajg000102wuc2zp2t75
cldvnygi601szu21k5sxj9pbk,ngram,https://directory.plnetwork.io/teams/cldvnygi601szu21k5sxj9pbk
cldvnyhtl01tfu21kua7vr5c6,Atomica,https://directory.plnetwork.io/teams/cldvnyhtl01tfu21kua7vr5c6
cldvnydul01s1u21kqarwqul7,Everstake,https://directory.plnetwork.io/teams/cldvnydul01s1u21kqarwqul7
cldvnyp2o01vpu21ksvvtgw1f,Mona,https://directory.plnetwork.io/teams/cldvnyp2o01vpu21ksvvtgw1f
cldvnym4501utu21k3j1v0v2b,Kamu Data,https://directory.plnetwork.io/teams/cldvnym4501utu21k3j1v0v2b
cldvnx75t01czu21k77n84pg2,Science,https://directory.plnetwork.io/teams/cldvnx75t01czu21k77n84pg2
cldvnwyja01a5u21k67f96rf5,Supranational,https://directory.plnetwork.io/teams/cldvnwyja01a5u21k67f96rf5
cldvnyryu01wru21kicor8ho7,Espresso Systems,https://directory.plnetwork.io/teams/cldvnyryu01wru21kicor8ho7
cldvnyqa701w1u21kpits5vlk,DappNet,https://directory.plnetwork.io/teams/cldvnyqa701w1u21kpits5vlk
cldvnyqze01wbu21kquth21rl,Fimio,https://directory.plnetwork.io/teams/cldvnyqze01wbu21kquth21rl
cldvnyplm01vvu21kfdnaan28,Red Hat,https://directory.plnetwork.io/teams/cldvnyplm01vvu21kfdnaan28
cldvnysek01wxu21kaenvw863,Brave Software,https://directory.plnetwork.io/teams/cldvnysek01wxu21kaenvw863
cldvnyms301uzu21kouodj4s5,Holaplex,https://directory.plnetwork.io/teams/cldvnyms301uzu21kouodj4s5
cldvnyrhz01wju21kbfisksrs,Zama,https://directory.plnetwork.io/teams/cldvnyrhz01wju21kbfisksrs
cldvnynuf01v9u21kw39zuv79,ConsensusLab,https://directory.plnetwork.io/teams/cldvnynuf01v9u21kw39zuv79
cldvnvagk00qnu21kfhs837il,Lava Network,https://directory.plnetwork.io/teams/cldvnvagk00qnu21kfhs837il
cldvnz5wm0221u21ky35l3q23,"Hashscan (Andsub, ENS SEO)",https://directory.plnetwork.io/teams/cldvnz5wm0221u21ky35l3q23
cldvnxbht01enu21kahffewd4,teza (Sepana),https://directory.plnetwork.io/teams/cldvnxbht01enu21kahffewd4
clfik11l1000102xdf82xg8lu,Graph Paper Capital,https://directory.plnetwork.io/teams/clfik11l1000102xdf82xg8lu
clqy0tyh40000tw02gkukaz59,Fora,https://directory.plnetwork.io/teams/clqy0tyh40000tw02gkukaz59
cldvnyy1001yxu21kmkasqr9f,Nikas,https://directory.plnetwork.io/teams/cldvnyy1001yxu21kmkasqr9f
cldvnyygv01z3u21ka6w4mvhm,Mint State Labs,https://directory.plnetwork.io/teams/cldvnyygv01z3u21ka6w4mvhm
cldvnyz3h01z9u21kpuu21q6b,Mintter Technologies,https://directory.plnetwork.io/teams/cldvnyz3h01z9u21kpuu21q6b
cldvnz5i6021vu21krg1pjmrh,Openlinks,https://directory.plnetwork.io/teams/cldvnz5i6021vu21krg1pjmrh
cldvnxvto01m3u21kf15m5ano,OpenSea (Dharma Labs),https://directory.plnetwork.io/teams/cldvnxvto01m3u21kf15m5ano
cldvnyu0001xju21khcxngz52,Fluence Labs,https://directory.plnetwork.io/teams/cldvnyu0001xju21khcxngz52
cldvnyzn301zfu21k28sp830b,Filecoin Saturn,https://directory.plnetwork.io/teams/cldvnyzn301zfu21k28sp830b
cldvnyv7801xzu21k9dwlodkf,BlastGG (Blockbets),https://directory.plnetwork.io/teams/cldvnyv7801xzu21k9dwlodkf
cldvnz3py0211u21kbbzw6q40,Audius,https://directory.plnetwork.io/teams/cldvnz3py0211u21kbbzw6q40
clsmothlv000cuq02cytdhw1c,Glow Carbon Credits,https://directory.plnetwork.io/teams/clsmothlv000cuq02cytdhw1c
cldvnz474021bu21kv7mt2seb,DataUnion,https://directory.plnetwork.io/teams/cldvnz474021bu21kv7mt2seb
cldvnz4u0021nu21kzbu5ei68,number zero,https://directory.plnetwork.io/teams/cldvnz4u0021nu21kzbu5ei68
cldvnz3q70213u21ka8pei6bx,Builder’s Funnel,https://directory.plnetwork.io/teams/cldvnz3q70213u21ka8pei6bx
cldvnz0zd0201u21k3leulfh4,GLIF,https://directory.plnetwork.io/teams/cldvnz0zd0201u21k3leulfh4
cldvnz1h10209u21kgnweehza,Social3,https://directory.plnetwork.io/teams/cldvnz1h10209u21kgnweehza
clfimzqsi000402xdg8ticmwk,QuickNode,https://directory.plnetwork.io/teams/clfimzqsi000402xdg8ticmwk
cldvnz1yl020hu21kql9plj8i,Portrait,https://directory.plnetwork.io/teams/cldvnz1yl020hu21kql9plj8i
cldvntgcb007hu21kht3gt4zk,SINSO (Bonsant Foundation),https://directory.plnetwork.io/teams/cldvntgcb007hu21kht3gt4zk
cldvnz2h7020nu21ktshsas3c,Starling Lab for Data Integrity,https://directory.plnetwork.io/teams/cldvnz2h7020nu21ktshsas3c
cldvnz372020vu21k3m37i0jn,Convo Space (Cupoc),https://directory.plnetwork.io/teams/cldvnz372020vu21k3m37i0jn
cldvnz0i901ztu21knu4o28x7,DataPocket,https://directory.plnetwork.io/teams/cldvnz0i901ztu21knu4o28x7
cldvnz6rq022bu21kwdd0piy7,Flame,https://directory.plnetwork.io/teams/cldvnz6rq022bu21kwdd0piy7
cldvnzao8023zu21kjz3y5ebu,SpruceID,https://directory.plnetwork.io/teams/cldvnzao8023zu21kjz3y5ebu
cldvnzeoc025nu21kz6n3u1qj,HealthcareAgents (Encultured AI),https://directory.plnetwork.io/teams/cldvnzeoc025nu21kz6n3u1qj
cldvnzd4h0253u21k224mtfx7,FFDW,https://directory.plnetwork.io/teams/cldvnzd4h0253u21k224mtfx7
cldvnwsw30181u21kpc5o0jp2,Superdao,https://directory.plnetwork.io/teams/cldvnwsw30181u21kpc5o0jp2
cldvnzbmr024du21k8g4yuex4,Gummys,https://directory.plnetwork.io/teams/cldvnzbmr024du21k8g4yuex4
cldvnzbn1024fu21ktlqsq8mz,FilPonto,https://directory.plnetwork.io/teams/cldvnzbn1024fu21ktlqsq8mz
cldvnzc30024lu21ka0xgxo6w,Mnemoscene,https://directory.plnetwork.io/teams/cldvnzc30024lu21ka0xgxo6w
clgqr8lzh000002ym5k82a00h,IPFS Backup,https://directory.plnetwork.io/teams/clgqr8lzh000002ym5k82a00h
cldvnzdlf025bu21ko5o5l618,Fractio,https://directory.plnetwork.io/teams/cldvnzdlf025bu21ko5o5l618
cldvnze1u025hu21kjf5aocgo,Stellar Development Foundation,https://directory.plnetwork.io/teams/cldvnze1u025hu21kjf5aocgo
cldvnza45023ru21kfxnz1gph,Bifrost (mysterious),https://directory.plnetwork.io/teams/cldvnza45023ru21kfxnz1gph
cldvnzcns024tu21kr2210plc,IPFS Search,https://directory.plnetwork.io/teams/cldvnzcns024tu21kr2210plc
cldvnxsyg01kxu21ktjwh5wuw,Impossible Cloud (Qubit9),https://directory.plnetwork.io/teams/cldvnxsyg01kxu21ktjwh5wuw
cldvnt5nv004du21kmdwl25gz,web3.storage,https://directory.plnetwork.io/teams/cldvnt5nv004du21kmdwl25gz
clseqy088000g2o02s9jew8b5,EQTY Life Sciences,https://directory.plnetwork.io/teams/clseqy088000g2o02s9jew8b5
cldvntap1005hu21kdivb97t2,Astrofitters,https://directory.plnetwork.io/teams/cldvntap1005hu21kdivb97t2
cldvntex6006xu21k4rcfbc1z,Subconscious,https://directory.plnetwork.io/teams/cldvntex6006xu21k4rcfbc1z
cldvnzgcs026bu21kchop9ge8,VoiceGems,https://directory.plnetwork.io/teams/cldvnzgcs026bu21kchop9ge8
cldvnx0s001atu21kycl5qm1u,Tephra Labs,https://directory.plnetwork.io/teams/cldvnx0s001atu21kycl5qm1u
cldvntfdm0073u21ky7iwcoz8,Anaconda,https://directory.plnetwork.io/teams/cldvntfdm0073u21ky7iwcoz8
cldvnxjx901htu21kusetcu1i,thirdweb,https://directory.plnetwork.io/teams/cldvnxjx901htu21kusetcu1i
cldvntmyr009pu21kzp7ft0qn,Metaverse Summit,https://directory.plnetwork.io/teams/cldvntmyr009pu21kzp7ft0qn
clh4zj44y000002zycz6obro6,Medusa,https://directory.plnetwork.io/teams/clh4zj44y000002zycz6obro6
cldvnzfvf0263u21k237yhvm5,ETHGlobal,https://directory.plnetwork.io/teams/cldvnzfvf0263u21k237yhvm5
cldvnu6qy00fdu21kwg7fnne9,Starboard Ventures,https://directory.plnetwork.io/teams/cldvnu6qy00fdu21kwg7fnne9
cldvnup3300kpu21k42xyujka,PL EngRes,https://directory.plnetwork.io/teams/cldvnup3300kpu21k42xyujka
clr9fon2i0002yp022ejm3jt8,Miwa,https://directory.plnetwork.io/teams/clr9fon2i0002yp022ejm3jt8
cldvnuf9d00i1u21k2mpznj2n,StarkWare Industries Ltd.,https://directory.plnetwork.io/teams/cldvnuf9d00i1u21k2mpznj2n
clh7t6v31000002t4di894ant,TalentLayer,https://directory.plnetwork.io/teams/clh7t6v31000002t4di894ant
cls3dx0yr0003yp021hdo1orh,Totem Grid,https://directory.plnetwork.io/teams/cls3dx0yr0003yp021hdo1orh
cldvnu08600d3u21k2wo5ip4e,Āut Labs,https://directory.plnetwork.io/teams/cldvnu08600d3u21k2wo5ip4e
cldvnugoj00ihu21kjexaqvty,Unstoppable Systems,https://directory.plnetwork.io/teams/cldvnugoj00ihu21kjexaqvty
clntogfy8000q2v02zmrzsxkv,Hypha Worker Cooperative,https://directory.plnetwork.io/teams/clntogfy8000q2v02zmrzsxkv
cldvnz8v30237u21km9610wv1,Fenbushi Ecosystem Fund,https://directory.plnetwork.io/teams/cldvnz8v30237u21km9610wv1
clnez5ttg00021h02he9ljx5m,Hypercerts,https://directory.plnetwork.io/teams/clnez5ttg00021h02he9ljx5m
cldvntzs000cxu21k6grrssad,Rodeo,https://directory.plnetwork.io/teams/cldvntzs000cxu21k6grrssad
clo1jw3ak00004102havd49av,Debox,https://directory.plnetwork.io/teams/clo1jw3ak00004102havd49av
cldvnv6km00p7u21kicf3j3gr,Experiment,https://directory.plnetwork.io/teams/cldvnv6km00p7u21kicf3j3gr
cldvnv3ne00o7u21kgbqrrh05,OKcontract,https://directory.plnetwork.io/teams/cldvnv3ne00o7u21kgbqrrh05
cldvnv93e00q9u21kgv2senxz,Cudo Ventures,https://directory.plnetwork.io/teams/cldvnv93e00q9u21kgv2senxz
clnezhi13000ex4029orh67ao,gov4git,https://directory.plnetwork.io/teams/clnezhi13000ex4029orh67ao
cldvnxgvc01gtu21k912gcz23,Toku (WorkDAO),https://directory.plnetwork.io/teams/cldvnxgvc01gtu21k912gcz23
clr9qi4rw000wu002g67gkgli,"Internet Development Studio Company ('INTDEV'"")""",https://directory.plnetwork.io/teams/clr9qi4rw000wu002g67gkgli
cldvnwh4k014du21k1iari5o4,Bankless Consulting,https://directory.plnetwork.io/teams/cldvnwh4k014du21k1iari5o4
cldvnxd1w01f9u21kbguywsq4,PiKNiK Cloud,https://directory.plnetwork.io/teams/cldvnxd1w01f9u21kbguywsq4
cldvnw28s00zhu21k5exshfrh,Webrecorder,https://directory.plnetwork.io/teams/cldvnw28s00zhu21k5exshfrh
cldvnw987011tu21k20guzq69,Ardan Labs,https://directory.plnetwork.io/teams/cldvnw987011tu21k20guzq69
cldvnvjkt00tfu21kqspngj9n,phas3,https://directory.plnetwork.io/teams/cldvnvjkt00tfu21kqspngj9n
cldvnvsj700whu21kbjc1i02d,Lido Finance,https://directory.plnetwork.io/teams/cldvnvsj700whu21kbjc1i02d
cldvnz8br022zu21kaxglh2ss,Radix,https://directory.plnetwork.io/teams/cldvnz8br022zu21kaxglh2ss
clrgxxnzq0006w002in40shv8,Lumen,https://directory.plnetwork.io/teams/clrgxxnzq0006w002in40shv8
cldvnvtuq00wxu21kt81mvysz,WeatherXM,https://directory.plnetwork.io/teams/cldvnvtuq00wxu21kt81mvysz
cldvnzh89026nu21ks94cng2c,Afterparty,https://directory.plnetwork.io/teams/cldvnzh89026nu21ks94cng2c
cldvnw1ju00zbu21kvw49rffc,Spice AI,https://directory.plnetwork.io/teams/cldvnw1ju00zbu21kvw49rffc
cldvny6sr01qbu21k73al0j2b,Jordan.ai (Midpoint Labs),https://directory.plnetwork.io/teams/cldvny6sr01qbu21k73al0j2b
cldvnyuqm01xru21ku1z687h2,Solaris,https://directory.plnetwork.io/teams/cldvnyuqm01xru21ku1z687h2
cldvnvlte00u7u21kvyrw1umv,Numbers Protocol,https://directory.plnetwork.io/teams/cldvnvlte00u7u21kvyrw1umv
cldvnwp22016lu21kd3o4h9t0,Igalia,https://directory.plnetwork.io/teams/cldvnwp22016lu21kd3o4h9t0
cldvnx1dl01b1u21ksgihwmp6,Atreus (IX Research),https://directory.plnetwork.io/teams/cldvnx1dl01b1u21ksgihwmp6
cldvnx7m101d5u21k760dxi6h,Citrusbug Technolabs,https://directory.plnetwork.io/teams/cldvnx7m101d5u21k760dxi6h
cldvnwned0165u21k54l19vh3,MetaSoccer (Ephere Football),https://directory.plnetwork.io/teams/cldvnwned0165u21k54l19vh3
cldvnx4dh01c3u21kpvhxgq1p,Nftfy,https://directory.plnetwork.io/teams/cldvnx4dh01c3u21kpvhxgq1p
clrhzxx8j0005s0029ol4a937,OpenState,https://directory.plnetwork.io/teams/clrhzxx8j0005s0029ol4a937
cldvnxm8z01ipu21k8pjh9vtz,Third Storage,https://directory.plnetwork.io/teams/cldvnxm8z01ipu21k8pjh9vtz
cldvnw6fh010xu21kgnq12n1v,Banyan,https://directory.plnetwork.io/teams/cldvnw6fh010xu21kgnq12n1v
cldvny4ez01pdu21knuma6vya,Berty Technologies,https://directory.plnetwork.io/teams/cldvny4ez01pdu21knuma6vya
cldvnxvdq01lxu21kva4m1zlj,Curio,https://directory.plnetwork.io/teams/cldvnxvdq01lxu21kva4m1zlj
cldvnxom001jhu21kpjvx8nxy,Dia Association,https://directory.plnetwork.io/teams/cldvnxom001jhu21kpjvx8nxy
cldvnvd5d00r9u21kf8ifojqz,CryptoEconLab,https://directory.plnetwork.io/teams/cldvnvd5d00r9u21kf8ifojqz
cldvnxwf901mdu21klmcd3aym,Secured Finance,https://directory.plnetwork.io/teams/cldvnxwf901mdu21klmcd3aym
cldvny36601oxu21kmkr8u1aj,Textile,https://directory.plnetwork.io/teams/cldvny36601oxu21kmkr8u1aj
cldvntw9800bru21kgk5c3k3h,BDX,https://directory.plnetwork.io/teams/cldvntw9800bru21kgk5c3k3h
cldvnxc2601evu21kg5vruton,Swan Network,https://directory.plnetwork.io/teams/cldvnxc2601evu21kg5vruton
cldvnw2rg00znu21kvy3kcalv,ChainSafe,https://directory.plnetwork.io/teams/cldvnw2rg00znu21kvy3kcalv
cldvnyjpg01tzu21kc1zto7zw,Infura,https://directory.plnetwork.io/teams/cldvnyjpg01tzu21kc1zto7zw
cliao2bm70027pu02l02mcp3j,Mission Control (from The AI Responsibility Lab),https://directory.plnetwork.io/teams/cliao2bm70027pu02l02mcp3j
cldvnycwl01rnu21khey6ea2u,Daoism Systems,https://directory.plnetwork.io/teams/cldvnycwl01rnu21khey6ea2u
cldvnxrvu01kju21kfowyhhim,Open Impact Foundation (Arcological),https://directory.plnetwork.io/teams/cldvnxrvu01kju21kfowyhhim
cldvnythr01xdu21keaas63ew,OP Games,https://directory.plnetwork.io/teams/cldvnythr01xdu21keaas63ew
cldvnykpo01ufu21kuln37nh8,Convergent Research FROs,https://directory.plnetwork.io/teams/cldvnykpo01ufu21kuln37nh8
cldvntrwf00a1u21k8u2t8idm,Samouraï World,https://directory.plnetwork.io/teams/cldvntrwf00a1u21k8u2t8idm
cliang5sm000gxt028lyjwsdp,AllieGraceGarnett.com,https://directory.plnetwork.io/teams/cliang5sm000gxt028lyjwsdp
cldvntc6a0061u21kckirlyv3,MuckRock,https://directory.plnetwork.io/teams/cldvntc6a0061u21kckirlyv3
cldvnu1y900dnu21kigyvnkpb,European Agency for the Space Programme,https://directory.plnetwork.io/teams/cldvnu1y900dnu21kigyvnkpb
cldvnv2db00nnu21kmth98zaw,University of Wuppertal,https://directory.plnetwork.io/teams/cldvnv2db00nnu21kmth98zaw
cldvnzfc4025vu21kk1ct7s0m,Near,https://directory.plnetwork.io/teams/cldvnzfc4025vu21kk1ct7s0m
clmus648a00024t029wm7g2vw,Fathom Radiant,https://directory.plnetwork.io/teams/clmus648a00024t029wm7g2vw
cldvnvb3600qtu21kdh4qq7nj,"Khoury College, Northeastern University",https://directory.plnetwork.io/teams/cldvnvb3600qtu21kdh4qq7nj
cldvnzgsf026hu21ks7r4av91,Concept Art House,https://directory.plnetwork.io/teams/cldvnzgsf026hu21ks7r4av91
cldvnz02b01zlu21k3o38a79x,Creative Commons,https://directory.plnetwork.io/teams/cldvnz02b01zlu21k3o38a79x
cldvnwpmd016tu21k6atek3s4,NOVA LINCS,https://directory.plnetwork.io/teams/cldvnwpmd016tu21k6atek3s4
cldvnvio100t3u21kgddp9t62,SharpShark,https://directory.plnetwork.io/teams/cldvnvio100t3u21kgddp9t62
cldvnvwt800xtu21kvt17vgwv,Tachyon,https://directory.plnetwork.io/teams/cldvnvwt800xtu21kvt17vgwv
cldvnwth40189u21ku5dybrm9,NFT.Storage,https://directory.plnetwork.io/teams/cldvnwth40189u21ku5dybrm9
cldvnxshw01kru21kyk68yhkz,Nym,https://directory.plnetwork.io/teams/cldvnxshw01kru21kyk68yhkz
cldvny7ds01qju21kv6hlwd1m,BlockScience,https://directory.plnetwork.io/teams/cldvny7ds01qju21kv6hlwd1m
cll3q9lfe0000xh02pp5f63db,Peergos,https://directory.plnetwork.io/teams/cll3q9lfe0000xh02pp5f63db
cldvnwg7h0141u21kmx0o9et4,Currents.fm,https://directory.plnetwork.io/teams/cldvnwg7h0141u21kmx0o9et4
cldvnwazf012hu21kt4uzyfqn,Holon Global Investments,https://directory.plnetwork.io/teams/cldvnwazf012hu21kt4uzyfqn
cldvnwx0u019ju21kzs1dfv5c,Fleming Protocol,https://directory.plnetwork.io/teams/cldvnwx0u019ju21kzs1dfv5c
cldvnz0i201zru21kp03x6by5,JFrog,https://directory.plnetwork.io/teams/cldvnz0i201zru21kp03x6by5
cldvnz9c9023hu21k5lf2htnt,KLOOV,https://directory.plnetwork.io/teams/cldvnz9c9023hu21k5lf2htnt
cldvnyk5801u7u21knrafh1lq,Hex Trust,https://directory.plnetwork.io/teams/cldvnyk5801u7u21knrafh1lq
clukr1ofm0018st0248fpvhz6,Edge Network,https://directory.plnetwork.io/teams/clukr1ofm0018st0248fpvhz6
clusmj0qq0002u50203va1xmo,Orbis Labs,https://directory.plnetwork.io/teams/clusmj0qq0002u50203va1xmo
clullnifn000fwf02yq9i707n,Golem Foundation,https://directory.plnetwork.io/teams/clullnifn000fwf02yq9i707n
cldvnyxaf01ynu21k62uopjvg,Protocol Labs,https://directory.plnetwork.io/teams/cldvnyxaf01ynu21k62uopjvg
cldvnylg601unu21kbdpzbumc,DeSci Foundation,https://directory.plnetwork.io/teams/cldvnylg601unu21kbdpzbumc
cldvnvhvz00svu21k086wny3b,Lurk Lab (Yatima),https://directory.plnetwork.io/teams/cldvnvhvz00svu21k086wny3b
clv5fzdvb0005xy02d4lskagk,growthepie,https://directory.plnetwork.io/teams/clv5fzdvb0005xy02d4lskagk
cltnmp2kd002vv0024wk7j8uu,Randamu,https://directory.plnetwork.io/teams/cltnmp2kd002vv0024wk7j8uu
cldvnyexo01sfu21km06iocyp,Functionland,https://directory.plnetwork.io/teams/cldvnyexo01sfu21km06iocyp
cluc3hi9x001es002oyhxxg8n,Earth Commons,https://directory.plnetwork.io/teams/cluc3hi9x001es002oyhxxg8n
cldvnz47f021du21kbhe8b4ml,PL Ventures,https://directory.plnetwork.io/teams/cldvnz47f021du21kbhe8b4ml
cldvntst600afu21kpe8r5gnr,Talent Protocol,https://directory.plnetwork.io/teams/cldvntst600afu21kpe8r5gnr
clultpfri0019wf02nj3hnxb6,Celo,https://directory.plnetwork.io/teams/clultpfri0019wf02nj3hnxb6
cldvnvkvu00txu21krxudhbl1,Memex,https://directory.plnetwork.io/teams/cldvnvkvu00txu21krxudhbl1
cluirunzy000csi02q6z869gp,Optimism,https://directory.plnetwork.io/teams/cluirunzy000csi02q6z869gp
cldvnuaot00gju21kur5w627j,Puma Browser,https://directory.plnetwork.io/teams/cldvnuaot00gju21kur5w627j
clurbuikn0009rc027l3v14xc,Elliptic Research,https://directory.plnetwork.io/teams/clurbuikn0009rc027l3v14xc
clvflockp0006sy02evutkbbu,SEAD,https://directory.plnetwork.io/teams/clvflockp0006sy02evutkbbu
cltyxyba6000cyt02x7j4typt,Index Network,https://directory.plnetwork.io/teams/cltyxyba6000cyt02x7j4typt
cldvnx84t01ddu21kqfy584xa,Murmuration Labs,https://directory.plnetwork.io/teams/cldvnx84t01ddu21kqfy584xa
cluh7smdw0005ws02fjju42z3,Foresight Institute,https://directory.plnetwork.io/teams/cluh7smdw0005ws02fjju42z3
cldvnvdoh00rju21kgexerzsx,Interplanetary Shipyard,https://directory.plnetwork.io/teams/cldvnvdoh00rju21kgexerzsx
cls9420310007te02x0pg2xbw,Sodal,https://directory.plnetwork.io/teams/cls9420310007te02x0pg2xbw
clo8n1s1d0002yj02jtg107nu,Acter,https://directory.plnetwork.io/teams/clo8n1s1d0002yj02jtg107nu
cloyca776000avm02x9zx9gd3,ZKorum,https://directory.plnetwork.io/teams/cloyca776000avm02x9zx9gd3
clplcbzhs0000y6027w1jyfqj,Dataxide AI,https://directory.plnetwork.io/teams/clplcbzhs0000y6027w1jyfqj
clj1oqjp60000vp024hdzn2fg,STFIL,https://directory.plnetwork.io/teams/clj1oqjp60000vp024hdzn2fg
cldvnvbpf00qzu21kngo4hdsj,Token,https://directory.plnetwork.io/teams/cldvnvbpf00qzu21kngo4hdsj
clerk712x000102vsbt64eqal,Collectif DAO,https://directory.plnetwork.io/teams/clerk712x000102vsbt64eqal
clooin3in0008v002ojyjxcn8,Haven Digital Partners,https://directory.plnetwork.io/teams/clooin3in0008v002ojyjxcn8
clvh5idks0004q502x7875o04,Undaunted VC (launching soon),https://directory.plnetwork.io/teams/clvh5idks0004q502x7875o04
cldvnv7mf00plu21kr46ue8sv,Subvisual,https://directory.plnetwork.io/teams/cldvnv7mf00plu21kr46ue8sv
clrjeu3z0000sti02so6jq23w,ProbeLab,https://directory.plnetwork.io/teams/clrjeu3z0000sti02so6jq23w
clrl8529d0006wq02qltw5bab,Atlas Computing Initiative,https://directory.plnetwork.io/teams/clrl8529d0006wq02qltw5bab
cldvnxfvk01gfu21kj5kh992v,Gridcoin,https://directory.plnetwork.io/teams/cldvnxfvk01gfu21kj5kh992v
clurdiesw000prc026rgkbl65,Perpetual Press,https://directory.plnetwork.io/teams/clurdiesw000prc026rgkbl65
clp0yk8z70000wc020ekob7zn,FileMarket,https://directory.plnetwork.io/teams/clp0yk8z70000wc020ekob7zn
cltfe2vjm0013rt0276kweax6,Ion,https://directory.plnetwork.io/teams/cltfe2vjm0013rt0276kweax6
clrz4eowk000cxm02abjtb8zf,FilOz,https://directory.plnetwork.io/teams/clrz4eowk000cxm02abjtb8zf
clprhr6s90014y302fnhu28zv,VitaDAO,https://directory.plnetwork.io/teams/clprhr6s90014y302fnhu28zv
cldvnu0vt00d9u21kotws1bgc,Molecule,https://directory.plnetwork.io/teams/cldvnu0vt00d9u21kotws1bgc
cluir68f90000uj029ci5oufi,Internet Archive,https://directory.plnetwork.io/teams/cluir68f90000uj029ci5oufi
cls0szpv20008vg02l6jegndj,Cryptoworth,https://directory.plnetwork.io/teams/cls0szpv20008vg02l6jegndj
cldvnxayg01efu21ktpsm73zk,Rollup ID (Proof Zero),https://directory.plnetwork.io/teams/cldvnxayg01efu21ktpsm73zk