Doc_Urls,Exists
http://drand.love//docs/forum
http://drand.love//docs/contributing
http://drand.love//docs/faq
http://drand.love//73b5cbf043cb417aa2b6e7bfb867df95
http://docs.ipc.space//
http://docs.ipc.space//overview/how-it-works
http://docs.ipc.space//overview/use-cases
http://docs.ipc.space//overview/how-ipc-compares
http://docs.ipc.space//overview/architecture
http://docs.ipc.space//quickstarts/deploy-a-subnet
http://docs.ipc.space//concepts/subnets
http://docs.ipc.space//concepts/subnets/parent-child-interactions
http://docs.ipc.space//concepts/circulating-supply
http://docs.ipc.space//user-guides/performing-transactions-in-a-subnet
http://docs.ipc.space//developer-guides/pluggable-syscall-tutorial
http://docs.ipc.space//developer-guides/upgrades
http://docs.ipc.space//developer-guides/upgrades/patch-state
http://docs.ipc.space//developer-guides/upgrades/upgrade-wasm-actor
http://docs.ipc.space//developer-guides/deploy-blockscout
http://docs.ipc.space//specifications/addressing
http://docs.ipc.space//specifications/cometbft
http://docs.ipc.space//specifications/ipld-resolver
http://docs.ipc.space//specifications/materializer
http://docs.ipc.space//specifications/topdown
http://docs.ipc.space//reference/networks
http://docs.ipc.space//reference/ipc-cli-usage
http://docs.ipc.space//reference/troubleshooting
http://docs.ipc.space//reference/faq
https://docs.textile.io/
http://docs.textile.io/..
http://docs.textile.io/./
http://docs.textile.io/accounts/
http://docs.textile.io/apis/
http://docs.textile.io/pricing/
http://docs.textile.io/../buckets/
http://docs.textile.io/../buckets/permissions/
http://docs.textile.io/../buckets/archiving/
http://docs.textile.io/../threads/
http://docs.textile.io/../users/
http://docs.textile.io/../filecoin/balances/
http://docs.textile.io/../filecoin/miner-index/
http://docs.textile.io/../filecoin/storage-deals/
http://docs.textile.io/../powergate/
http://docs.textile.io/../powergate/localnet/
http://docs.textile.io/../powergate/mainnet/
http://docs.textile.io/../powergate/admin/
http://docs.textile.io/../powergate/storage/
http://docs.textile.io/../powergate/storageconfig/
http://docs.textile.io/../powergate/offline/
http://docs.textile.io/../powergate/cli/pow/
http://docs.textile.io/../powergate/cli/pow_config/
http://docs.textile.io/../powergate/cli/pow_data/
http://docs.textile.io/../powergate/cli/pow_deals/
http://docs.textile.io/../powergate/cli/pow_storage-info/
http://docs.textile.io/../powergate/cli/pow_storage-jobs/
http://docs.textile.io/../powergate/cli/pow_wallet/
http://docs.textile.io/../powergate/cli/pow_admin/
http://docs.textile.io/../powergate/faq/
http://docs.textile.io/cli/hub/
http://docs.textile.io/cli/hub_login/
http://docs.textile.io/cli/hub_logout/
http://docs.textile.io/cli/hub_whoami/
http://docs.textile.io/cli/hub_orgs/
http://docs.textile.io/cli/hub_buck/
http://docs.textile.io/cli/hub_threads/
http://docs.textile.io/cli/hub_fil/
http://docs.textile.io/cli/hub_version/
http://docs.textile.io/cli/hub_update/
http://docs.textile.io/cli/hub_keys/
http://docs.textile.io/cli/hub_buck_add/
http://docs.textile.io/cli/hub_buck_archive/
http://docs.textile.io/cli/hub_buck_cat/
http://docs.textile.io/cli/hub_buck_destroy/
http://docs.textile.io/cli/hub_buck_decrypt/
http://docs.textile.io/cli/hub_buck_encrypt/
http://docs.textile.io/cli/hub_buck_existing/
http://docs.textile.io/cli/hub_buck_get/
http://docs.textile.io/cli/hub_buck_init/
http://docs.textile.io/cli/hub_buck_links/
http://docs.textile.io/cli/hub_buck_ls/
http://docs.textile.io/cli/hub_buck_pull/
http://docs.textile.io/cli/hub_buck_push/
http://docs.textile.io/cli/hub_buck_watch/
http://docs.textile.io/cli/hub_buck_root/
http://docs.textile.io/cli/hub_buck_status/
http://docs.textile.io/cli/hub_billing/
http://docs.textile.io/cli/hub_billing_setup/
http://docs.textile.io/cli/hub_billing_portal/
http://docs.textile.io/cli/hub_billing_usage/
http://docs.textile.io/cli/hub_billing_users/
http://docs.textile.io/../tutorials/hub/web-app/
http://docs.textile.io/../tutorials/hub/pki-identities/
http://docs.textile.io/../tutorials/hub/development-mode/
http://docs.textile.io/../tutorials/hub/user-buckets/
http://docs.textile.io/../tutorials/react-native-buckets/
http://docs.textile.io/../tutorials/nodejs/
http://docs.textile.io/../tutorials/hub/production-auth/
http://docs.textile.io/../tutorials/go/getting-started/
http://docs.textile.io//hub/accounts
http://docs.textile.io/../hub/accounts
http://docs.textile.io/../hub/apis
http://docs.textile.io/../hub/cli/hub
http://docs.tableland.xyz//
http://docs.tableland.xyz//fundamentals/
http://docs.tableland.xyz//quickstarts/
http://docs.tableland.xyz//playbooks/
http://docs.tableland.xyz//sql/
http://docs.tableland.xyz//tutorials/
http://docs.tableland.xyz//studio/
http://docs.tableland.xyz//sdk/
http://docs.tableland.xyz//smart-contracts/
http://docs.tableland.xyz//cli/
http://docs.tableland.xyz//local-tableland/
http://docs.tableland.xyz//validator/
http://docs.tableland.xyz//api/sdk/globals
http://docs.tableland.xyz//api/validator/
http://docs.tableland.xyz//showcase
http://docs.tableland.xyz//fundamentals/supported-chains
http://docs.tableland.xyz//fundamentals
http://docs.tableland.xyz//sdk
http://docs.tableland.xyz//smart-contracts
http://docs.tableland.xyz//cli
http://docs.tableland.xyz//validator/api
http://docs.tableland.xyz//validator/node
http://docs.tableland.xyz//fundamentals/what-is-tableland
http://docs.tableland.xyz//playbooks
http://docs.tableland.xyz//fundamentals/use-cases
http://docs.tableland.xyz//tutorials
http://docs.tableland.xyz//quickstarts/local-tableland
http://docs.tableland.xyz//playbooks/frameworks/hardhat
http://docs.tableland.xyz//quickstarts/templates
http://docs.tableland.xyz//contribute
http://docs.molecule.to//documentation
http://docs.molecule.to//documentation/introduction/why-molecule
http://docs.molecule.to//documentation/catalyst/intro-to-catalyst
http://docs.molecule.to//documentation/catalyst/how-to-fund-projects
http://docs.molecule.to//documentation/catalyst/project-lifecycle
http://docs.molecule.to//documentation/catalyst/catalyst-bonding-curve
http://docs.molecule.to//documentation/catalyst/fee-structure
http://docs.molecule.to//documentation/catalyst/submit-a-project
http://docs.molecule.to//documentation/ip-nfts/intro-to-ip-nft
http://docs.molecule.to//documentation/ip-nfts/ip-nft-legal-structure
http://docs.molecule.to//documentation/ip-nfts/why-mint-an-ip-nft
http://docs.molecule.to//documentation/ip-nfts/how-to-mint-an-ip-nft
http://docs.molecule.to//documentation/ip-nfts/technical-components-of-ip-nfts
http://docs.molecule.to//documentation/ip-nfts/technical-components-of-ip-nfts/technical-details-for-devel
http://docs.molecule.to//documentation/ip-nfts/technical-components-of-ip-nfts/smart-contract-addresses
http://docs.molecule.to//documentation/ip-tokens/what-are-ipts
http://docs.molecule.to//documentation/ip-tokens/how-to-fractionalize-an-ip-nft
http://docs.molecule.to//documentation/ip-tokens/what-are-risks-of-ip-nfts
http://docs.molecule.to//documentation/ip-tokens/what-is-a-crowdsale-of-ipts
http://docs.molecule.to//documentation/ip-tokens/how-to-participate-in-a-crowdsale-of-ipts
http://docs.molecule.to//documentation/ip-tokenization-guide/ip-tokenization-guide
http://docs.molecule.to//documentation/ip-tokenization-guide/wallets
http://docs.glif.io//
https://docs.glif.io/?fallback=true
https://docs.glif.io/v2-zhong-wen?fallback=true
https://docs.glif.io/zhong-wen?fallback=true
https://docs.glif.io/v1-english?fallback=true
http://docs.glif.io//introduction/glif-overview
http://docs.glif.io//introduction/protocol-users
http://docs.glif.io//for-liquidity-providers/benefits-for-token-holders
http://docs.glif.io//for-liquidity-providers/glif-reward-mechanism-ifil
http://docs.glif.io//for-liquidity-providers/exit-withdraw-fil
http://docs.glif.io//for-liquidity-providers/asset-security
http://docs.glif.io//for-liquidity-providers/risks
http://docs.glif.io//for-storage-providers/benefits-for-storage-providers
http://docs.glif.io//for-storage-providers/sp-liquidation-values
http://docs.glif.io//for-storage-providers/borrowing-limits-and-dtl
http://docs.glif.io//for-storage-providers/uses-of-borrowed-fil
http://docs.glif.io//for-storage-providers/liquidations
http://docs.glif.io//for-storage-providers/borrowing-cost
http://docs.glif.io//for-storage-providers/manage-miner-actors-with-agents
http://docs.glif.io//for-storage-providers/guarantor-model
http://docs.glif.io//developer-resources/glif-sdk
http://docs.glif.io//developer-resources/glif-cli
http://docs.glif.io//developer-resources/deployed-contracts
http://docs.glif.io//faq-liquidity-providers/about-glif
http://docs.glif.io//faq-liquidity-providers/deposit-fil
http://docs.glif.io//faq-liquidity-providers/withdraw-fil
http://docs.glif.io//faq-liquidity-providers/risk
http://docs.glif.io//faq-liquidity-providers/wallet-connection
http://docs.glif.io//faq-liquidity-providers/glif-points
http://docs.glif.io//faq-liquidity-providers/miscellaneous
http://docs.glif.io//faq-storage-providers/borrow-and-withdraw-fil
http://docs.glif.io//faq-storage-providers/key-financial-ratio
http://docs.glif.io//faq-storage-providers/payment
http://docs.glif.io//faq-storage-providers/liquidation
http://docs.glif.io//faq-storage-providers/agents
http://docs.glif.io//faq-storage-providers/transaction-issue
http://docs.glif.io//other/glossary
http://docs.glif.io//other/contact-us
http://docs.glif.io//tutorial/how-to-transfer-fil-from-a-0x-address-to-an-f1-address-and-how-to-make-a-bur
http://docs.glif.io//tutorial/how-to-deposit-filecoin-from-a-hardware-wallet-with-glif
http://docs.glif.io//tutorial/how-to-deposit-filecoin-fil-from-an-exchange-to-glif
http://docs.glif.io//tutorial/how-to-find-your-corresponding-0x-f410-wallet-address
http://docs.glif.io//tutorial/how-to-deposit-fil-to-glif
http://docs.glif.io//tutorial/how-to-withdraw-fil-from-glif
http://docs.filecoin.io//
http://docs.filecoin.io//basics/what-is-filecoin
http://docs.filecoin.io//storage-providers/basics
http://docs.filecoin.io//nodes/implementations
http://docs.filecoin.io//networks/mainnet
http://docs.filecoin.io//smart-contracts/fundamentals
http://docs.filecoin.io//reference/general
http://docs.filecoin.io//basics/what-is-filecoin/crypto-economics
http://docs.filecoin.io//basics/what-is-filecoin/blockchain
http://docs.filecoin.io//basics/what-is-filecoin/storage-model
http://docs.filecoin.io//basics/what-is-filecoin/storage-market
http://docs.filecoin.io//basics/what-is-filecoin/retrieval-market
http://docs.filecoin.io//basics/what-is-filecoin/programming-on-filecoin
http://docs.filecoin.io//basics/what-is-filecoin/networks
http://docs.filecoin.io//basics/the-blockchain
http://docs.filecoin.io//basics/the-blockchain/actors
http://docs.filecoin.io//basics/the-blockchain/addresses
http://docs.filecoin.io//basics/the-blockchain/blocks-and-tipsets
http://docs.filecoin.io//basics/the-blockchain/consensus
http://docs.filecoin.io//basics/the-blockchain/drand
http://docs.filecoin.io//basics/the-blockchain/proofs
http://docs.filecoin.io//basics/assets
http://docs.filecoin.io//basics/assets/the-fil-token
http://docs.filecoin.io//basics/assets/wallets
http://docs.filecoin.io//basics/assets/metamask-setup
http://docs.filecoin.io//basics/assets/get-fil
http://docs.filecoin.io//basics/assets/transfer-fil
http://docs.filecoin.io//basics/interplanetary-consensus
http://docs.filecoin.io//basics/how-storage-works
http://docs.filecoin.io//basics/how-storage-works/filecoin-plus
http://docs.filecoin.io//basics/how-storage-works/storage-onramps
http://docs.filecoin.io//basics/how-storage-works/filecoin-and-ipfs
http://docs.filecoin.io//basics/how-retrieval-works
http://docs.filecoin.io//basics/how-retrieval-works/basic-retrieval
http://docs.filecoin.io//basics/how-retrieval-works/serving-retrievals
http://docs.filecoin.io//basics/how-retrieval-works/saturn
http://docs.filecoin.io//basics/project-and-community
http://docs.filecoin.io//basics/project-and-community/chat-and-discussion-forums
http://docs.filecoin.io//basics/project-and-community/filecoin-compared-to
http://docs.filecoin.io//basics/project-and-community/filecoin-faqs
http://docs.filecoin.io//basics/project-and-community/related-projects
http://docs.filecoin.io//basics/project-and-community/social-media
http://docs.filecoin.io//basics/project-and-community/the-filecoin-project
http://docs.filecoin.io//basics/project-and-community/ways-to-contribute
http://docs.filecoin.io//storage-providers/basics/quickstart-guide
http://docs.filecoin.io//storage-providers/filecoin-economics
http://docs.filecoin.io//storage-providers/filecoin-economics/storage-proving
http://docs.filecoin.io//storage-providers/filecoin-economics/fil-collateral
http://docs.filecoin.io//storage-providers/filecoin-economics/block-rewards
http://docs.filecoin.io//storage-providers/filecoin-economics/slashing
http://docs.filecoin.io//storage-providers/filecoin-economics/committed-capacity
http://docs.filecoin.io//storage-providers/filecoin-deals
http://docs.filecoin.io//storage-providers/filecoin-deals/storage-deals
http://docs.filecoin.io//storage-providers/filecoin-deals/verified-deals
http://docs.filecoin.io//storage-providers/filecoin-deals/filecoin-programs
http://docs.filecoin.io//storage-providers/filecoin-deals/snap-deals
http://docs.filecoin.io//storage-providers/filecoin-deals/charging-for-data
http://docs.filecoin.io//storage-providers/filecoin-deals/auxiliary-services
http://docs.filecoin.io//storage-providers/filecoin-deals/return-on-investment
http://docs.filecoin.io//storage-providers/architecture
http://docs.filecoin.io//storage-providers/architecture/lotus-components
http://docs.filecoin.io//storage-providers/architecture/lotus-automation
http://docs.filecoin.io//storage-providers/architecture/sealing-pipeline
http://docs.filecoin.io//storage-providers/architecture/sealing-rate
http://docs.filecoin.io//storage-providers/architecture/sealing-as-a-service
http://docs.filecoin.io//storage-providers/architecture/network-indexer
http://docs.filecoin.io//storage-providers/infrastructure
http://docs.filecoin.io//storage-providers/infrastructure/storage
http://docs.filecoin.io//storage-providers/infrastructure/network
http://docs.filecoin.io//storage-providers/infrastructure/backup-and-disaster-recovery
http://docs.filecoin.io//storage-providers/infrastructure/reference-architectures
http://docs.filecoin.io//storage-providers/skills
http://docs.filecoin.io//storage-providers/skills/linux
http://docs.filecoin.io//storage-providers/skills/network
http://docs.filecoin.io//storage-providers/skills/security
http://docs.filecoin.io//storage-providers/skills/storage
http://docs.filecoin.io//storage-providers/skills/sales
http://docs.filecoin.io//storage-providers/skills/industry
http://docs.filecoin.io//nodes/implementations/lotus
http://docs.filecoin.io//nodes/implementations/venus
http://docs.filecoin.io//nodes/full-nodes
http://docs.filecoin.io//nodes/full-nodes/pre-requisites
http://docs.filecoin.io//nodes/full-nodes/basic-setup
http://docs.filecoin.io//nodes/full-nodes/node-providers
http://docs.filecoin.io//nodes/lite-nodes
http://docs.filecoin.io//nodes/lite-nodes/spin-up-a-lite-node
http://docs.filecoin.io//smart-contracts/fundamentals/the-fvm
http://docs.filecoin.io//smart-contracts/fundamentals/filecoin-evm-runtime
http://docs.filecoin.io//smart-contracts/fundamentals/erc-20-quickstart
http://docs.filecoin.io//smart-contracts/fundamentals/roadmap
http://docs.filecoin.io//smart-contracts/fundamentals/support
http://docs.filecoin.io//smart-contracts/fundamentals/faqs
http://docs.filecoin.io//smart-contracts/filecoin-evm-runtime
http://docs.filecoin.io//smart-contracts/filecoin-evm-runtime/actor-types
http://docs.filecoin.io//smart-contracts/filecoin-evm-runtime/address-types
http://docs.filecoin.io//smart-contracts/filecoin-evm-runtime/filforwarder
http://docs.filecoin.io//smart-contracts/filecoin-evm-runtime/difference-with-ethereum
http://docs.filecoin.io//smart-contracts/filecoin-evm-runtime/how-gas-works
http://docs.filecoin.io//smart-contracts/filecoin-evm-runtime/precompiles
http://docs.filecoin.io//smart-contracts/programmatic-storage
http://docs.filecoin.io//smart-contracts/programmatic-storage/aggregated-deal-making
http://docs.filecoin.io//smart-contracts/programmatic-storage/direct-deal-making
http://docs.filecoin.io//smart-contracts/programmatic-storage/raas
http://docs.filecoin.io//smart-contracts/programmatic-storage/raas-interfaces
http://docs.filecoin.io//smart-contracts/developing-contracts
http://docs.filecoin.io//smart-contracts/developing-contracts/get-test-tokens
http://docs.filecoin.io//smart-contracts/developing-contracts/remix
http://docs.filecoin.io//smart-contracts/developing-contracts/hardhat
http://docs.filecoin.io//smart-contracts/developing-contracts/foundry
http://docs.filecoin.io//smart-contracts/developing-contracts/solidity-libraries
http://docs.filecoin.io//smart-contracts/developing-contracts/call-built-in-actors
http://docs.filecoin.io//smart-contracts/developing-contracts/filecoin.sol
http://docs.filecoin.io//smart-contracts/developing-contracts/client-contract-tutorial
http://docs.filecoin.io//smart-contracts/developing-contracts/using-raas
http://docs.filecoin.io//smart-contracts/developing-contracts/verify-a-contract
http://docs.filecoin.io//smart-contracts/developing-contracts/best-practices
http://docs.filecoin.io//smart-contracts/advanced
http://docs.filecoin.io//smart-contracts/advanced/wrapped-fil
http://docs.filecoin.io//smart-contracts/advanced/oracles
http://docs.filecoin.io//smart-contracts/advanced/multicall
http://docs.filecoin.io//smart-contracts/advanced/multisig
http://docs.filecoin.io//smart-contracts/advanced/cross-chain-bridges
http://docs.filecoin.io//smart-contracts/advanced/aggregated-deal-making
http://docs.filecoin.io//networks/mainnet/explorers
http://docs.filecoin.io//networks/mainnet/rpcs
http://docs.filecoin.io//networks/mainnet/network-performance
http://docs.filecoin.io//networks/calibration
http://docs.filecoin.io//networks/calibration/explorers
http://docs.filecoin.io//networks/calibration/rpcs
http://docs.filecoin.io//networks/local-testnet
http://docs.filecoin.io//networks/local-testnet/get-test-tokens
http://docs.filecoin.io//networks/deprecated-networks
http://docs.filecoin.io//reference/general/glossary
http://docs.filecoin.io//reference/general/specifications
http://docs.filecoin.io//reference/general/tools
http://docs.filecoin.io//reference/exchanges
http://docs.filecoin.io//reference/exchanges/exchange-integration
http://docs.filecoin.io//reference/built-in-actors
http://docs.filecoin.io//reference/built-in-actors/protocol-api
http://docs.filecoin.io//reference/built-in-actors/filecoin.sol
http://docs.filecoin.io//reference/json-rpc
http://docs.filecoin.io//reference/json-rpc/auth
http://docs.filecoin.io//reference/json-rpc/chain
http://docs.filecoin.io//reference/json-rpc/client
http://docs.filecoin.io//reference/json-rpc/create
http://docs.filecoin.io//reference/json-rpc/eth
http://docs.filecoin.io//reference/json-rpc/gas
http://docs.filecoin.io//reference/json-rpc/i
http://docs.filecoin.io//reference/json-rpc/log
http://docs.filecoin.io//reference/json-rpc/market
http://docs.filecoin.io//reference/json-rpc/miner
http://docs.filecoin.io//reference/json-rpc/mpool
http://docs.filecoin.io//reference/json-rpc/msig
http://docs.filecoin.io//reference/json-rpc/net
http://docs.filecoin.io//reference/json-rpc/node
http://docs.filecoin.io//reference/json-rpc/paych
http://docs.filecoin.io//reference/json-rpc/raft
http://docs.filecoin.io//reference/json-rpc/start
http://docs.filecoin.io//reference/json-rpc/state
http://docs.filecoin.io//reference/json-rpc/sync
http://docs.filecoin.io//reference/json-rpc/wallet
http://docs.filecoin.io//reference/json-rpc/web3
http://docs.filecoin.io//builder-cookbook/overview
http://docs.filecoin.io//builder-cookbook/table-of-contents
http://docs.filecoin.io//builder-cookbook/data-storage
http://docs.filecoin.io//builder-cookbook/data-storage/store-data
http://docs.filecoin.io//builder-cookbook/data-storage/retrieve-data
http://docs.filecoin.io//builder-cookbook/data-storage/privacy-and-access-control
http://docs.filecoin.io//builder-cookbook/dapps
http://docs.filecoin.io//builder-cookbook/dapps/chain-data-query
http://docs.filecoin.io//builder-cookbook/dapps/oracles
http://docs.filecoin.io//builder-cookbook/dapps/cross-chain-bridges
http://docs.filecoin.io//builder-cookbook/dapps/decentralized-database
http://docs.filecoin.io//~gitbook/pdf?page=EXg5StpFwHvIKupJd2Qi&only=yes
https://developer.litprotocol.com/
http://developer.litprotocol.com//
http://developer.litprotocol.com//ecosystem/lit-grants
http://developer.litprotocol.com//what-is-lit
http://developer.litprotocol.com//resources/how-it-works
http://developer.litprotocol.com//intro/first-request/overview
http://developer.litprotocol.com//sdk/installation
http://developer.litprotocol.com//connecting-to-a-lit-network/connecting
http://developer.litprotocol.com//paying-for-lit/overview
http://developer.litprotocol.com//category/guides
http://developer.litprotocol.com//category/appendix
http://developer.litprotocol.com//support/intro
http://developer.litprotocol.com//category/api-reference
http://developer.litprotocol.com//additional-examples/intro
https://developer.litprotocol.com/connecting-to-a-lit-network/testnets#datil-test
https://developer.litprotocol.com/connecting-to-a-lit-network/testnets#datil-dev
https://developer.litprotocol.com/connecting-to-a-lit-network/mainnets#datil
https://developer.litprotocol.com/connecting-to-a-lit-network/migrating-to-datil
http://developer.litprotocol.com//docs/sdk/installation
http://developer.litprotocol.com//docs/sdk/access-control/quick-start
http://developer.litprotocol.com//docs/user-wallets/pkps/quick-start
http://developer.litprotocol.com//docs/sdk/access-control/intro
http://developer.litprotocol.com//docs/user-wallets/overview
http://developer.litprotocol.com//docs/sdk/serverless-signing/overview
https://developer.litprotocol.com/api-reference/v2-sdk
http://developer.litprotocol.com//v3/tools/access-control
http://developer.litprotocol.com//ecosystem/community
http://developer.litprotocol.com//v3/resources/supported-chains
http://docs.banyan.computer//
http://docs.banyan.computer//getting-started/web-client
http://docs.banyan.computer//getting-started/web-client/creating-a-drive
http://docs.banyan.computer//getting-started/web-client/store-files-and-drives
http://docs.banyan.computer//getting-started/web-client/inviting-members
http://docs.banyan.computer//getting-started/web-client/customize-banyan
http://docs.banyan.computer//getting-started/web-client/mobile-app
http://docs.banyan.computer//getting-started/using-the-sdk
http://docs.banyan.computer//getting-started/cli-uploading
http://docs.banyan.computer//getting-started/s3-compatibility-layer
http://docs.banyan.computer//getting-started/faqs
http://docs.banyan.computer//getting-started/faqs/help-i-have-far-too-much-data-to-upload-with-these-puny-
http://docs.banyan.computer//key-concepts/drives-and-banyanfs
http://docs.banyan.computer//key-concepts/drives-and-banyanfs/journaling-and-versioning
http://docs.banyan.computer//key-concepts/drives-and-banyanfs/encryption-technical
http://docs.banyan.computer//key-concepts/drives-and-banyanfs/content-addressing
http://docs.banyan.computer//key-concepts/billing
http://docs.banyan.computer//key-concepts/banyans-security-model
http://docs.banyan.computer//key-concepts/banyans-security-model/permissioned-retrievals
http://docs.banyan.computer//key-concepts/banyans-security-model/end-to-end-encryption
http://docs.banyan.computer//key-concepts/banyans-security-model/service-level-agreement-sla
http://docs.banyan.computer//key-concepts/banyans-security-model/third-party-compliance
http://docs.banyan.computer//nerd-zone-technical-gore/what-banyan-does-for-nerds
http://docs.banyan.computer//nerd-zone-technical-gore/more-about-infrastructure
http://docs.banyan.computer//about
http://docs.banyan.computer//api-reference
http://docs.banyan.computer//api-reference/buckets
http://docs.banyan.computer//api-reference/buckets/metadata
http://docs.banyan.computer//api-reference/buckets/metadata/current
http://docs.banyan.computer//api-reference/buckets/metadata/pull
http://docs.banyan.computer//api-reference/buckets/metadata/snapshot
http://docs.banyan.computer//api-reference/buckets/keys
http://docs.banyan.computer//api-reference/buckets/snapshots
http://docs.banyan.computer//api-reference/buckets/snapshots/restore
http://docs.banyan.computer//api-reference/buckets/usage
http://docs.banyan.computer//api-reference/buckets/authorization-grants
http://docs.banyan.computer//api-reference/invoices
http://docs.banyan.computer//api-reference/notifications
http://docs.banyan.computer//api-reference/subscriptions
http://docs.banyan.computer//api-reference/subscriptions/subscribe
http://docs.banyan.computer//api-reference/subscriptions/manage
http://docs.banyan.computer//api-reference/subscriptions/success
http://docs.banyan.computer//api-reference/subscriptions/cancel
http://docs.banyan.computer//api-reference/auth
http://docs.banyan.computer//api-reference/auth/device-api-key
http://docs.banyan.computer//api-reference/auth/who-am-i
http://docs.banyan.computer//api-reference/blocks
http://docs.banyan.computer//api-reference/blocks/locate
http://docs.banyan.computer//api-reference/users
http://docs.banyan.computer//api-reference/users/escrowed-device
http://docs.banyan.computer//api-reference/users/current
http://docs.huddle01.com//docs
http://docs.huddle01.com//docs/changelog
http://docs.huddle01.com//docs/concepts
http://docs.huddle01.com//docs/guides
http://docs.huddle01.com//docs/guides/audio-spaces
http://docs.huddle01.com//docs/guides/recording-livestreaming
http://docs.huddle01.com//docs/guides/selective-consuming
http://docs.huddle01.com//docs/guides/collaborative-whiteboard
http://docs.huddle01.com//docs/guides/custom-auth
http://docs.huddle01.com//docs/guides/token-gated
http://docs.huddle01.com//docs/guides/solana-token-gated
http://docs.huddle01.com//docs/migration
http://docs.huddle01.com//docs/migration/concepts
http://docs.huddle01.com//docs/migration/walkthrough/javascript
http://docs.huddle01.com//docs/migration/walkthrough/react
http://docs.huddle01.com//docs/migration/walkthrough/react-native
http://docs.huddle01.com//docs/migration/recording
http://docs.huddle01.com//docs/migration/hooks
http://docs.huddle01.com//docs/migration/faqs
http://docs.huddle01.com//docs/showcase
http://docs.huddle01.com//docs/api-keys
http://docs.huddle01.com//docs/apis
http://docs.huddle01.com//docs/apis/meeting-details
http://docs.huddle01.com//docs/apis/meeting-details/create-room
http://docs.huddle01.com//docs/apis/meeting-details/room-details
http://docs.huddle01.com//docs/apis/meeting-details/meeting-list
http://docs.huddle01.com//docs/apis/meeting-details/participant-list
http://docs.huddle01.com//docs/apis/meeting-details/get-metadata
http://docs.huddle01.com//docs/apis/meeting-details/get-rooms
http://docs.huddle01.com//docs/apis/live-meetings/live-meetings
http://docs.huddle01.com//docs/apis/live-meetings/preview-peers
http://docs.huddle01.com//docs/apis/get-metrics
http://docs.huddle01.com//docs/apis/get-recordings
http://docs.huddle01.com//docs/apis-v1
http://docs.huddle01.com//docs/apis-v1/create-room
http://docs.huddle01.com//docs/apis-v1/join-room-token
http://docs.huddle01.com//docs/apis-v1/get-rooms
http://docs.huddle01.com//docs/apis-v1/get-metrics
http://docs.huddle01.com//docs/apis-v1/get-recordings
http://docs.huddle01.com//docs/apis-v1/live-meetings
http://docs.huddle01.com//docs/apis-v1/meeting-details
http://docs.huddle01.com//docs/apis-v1/meeting-details/room-details
http://docs.huddle01.com//docs/apis-v1/meeting-details/meeting-list
http://docs.huddle01.com//docs/apis-v1/meeting-details/participant-list
http://docs.huddle01.com//docs/apis-v1/preview-peers
http://docs.huddle01.com//docs/platform-apis
http://docs.huddle01.com//docs/Javascript
http://docs.huddle01.com//docs/Javascript/quickstart
http://docs.huddle01.com//docs/Javascript/methods
http://docs.huddle01.com//docs/Javascript/methods/init
http://docs.huddle01.com//docs/Javascript/methods/room
http://docs.huddle01.com//docs/Javascript/methods/audio
http://docs.huddle01.com//docs/Javascript/methods/video
http://docs.huddle01.com//docs/Javascript/methods/localPeer
http://docs.huddle01.com//docs/Javascript/methods/remotePeer
http://docs.huddle01.com//docs/Javascript/methods/screenShare
http://docs.huddle01.com//docs/Javascript/methods/mediaDevices
http://docs.huddle01.com//docs/Javascript/methods/produce
http://docs.huddle01.com//docs/Javascript/methods/consume
http://docs.huddle01.com//docs/Javascript/methods/sendData
http://docs.huddle01.com//docs/Javascript/walkthrough
http://docs.huddle01.com//docs/Javascript/example
http://docs.huddle01.com//docs/React
http://docs.huddle01.com//docs/React/quickstart
http://docs.huddle01.com//docs/React/react-walkthrough
http://docs.huddle01.com//docs/React/example
http://docs.huddle01.com//docs/React/components/Audio
http://docs.huddle01.com//docs/React/components/Video
http://docs.huddle01.com//docs/React/hooks
http://docs.huddle01.com//docs/React/hooks/useRoom
http://docs.huddle01.com//docs/React/hooks/useRoomControls
http://docs.huddle01.com//docs/React/hooks/useLobby
http://docs.huddle01.com//docs/React/hooks/usePeerIds
http://docs.huddle01.com//docs/React/hooks/useLocalPeer
http://docs.huddle01.com//docs/React/hooks/useLocalVideo
http://docs.huddle01.com//docs/React/hooks/useLocalAudio
http://docs.huddle01.com//docs/React/hooks/useLocalScreenShare
http://docs.huddle01.com//docs/React/hooks/useRemotePeer
http://docs.huddle01.com//docs/React/hooks/useRemoteVideo
http://docs.huddle01.com//docs/React/hooks/useRemoteAudio
http://docs.huddle01.com//docs/React/hooks/useRemoteScreenShare
http://docs.huddle01.com//docs/React/hooks/useDataMessage
http://docs.huddle01.com//docs/React/hooks/useDevices
http://docs.huddle01.com//docs/React/hooks/useActivePeers
http://docs.huddle01.com//docs/React/hooks/useRoomMetadata
http://docs.huddle01.com//docs/React/advanced
http://docs.huddle01.com//docs/React/advanced/useHuddle01
http://docs.huddle01.com//docs/React/advanced/useLocalMedia
http://docs.huddle01.com//docs/React/advanced/useRemoteMedia
http://docs.huddle01.com//docs/React-Native
http://docs.huddle01.com//docs/React-Native/quickstart
http://docs.huddle01.com//docs/React-Native/react-native-walkthrough
http://docs.huddle01.com//docs/React-Native/example
http://docs.huddle01.com//docs/React-Native/hooks
http://docs.huddle01.com//docs/React-Native/hooks/useRoom
http://docs.huddle01.com//docs/React-Native/hooks/useRoomControls
http://docs.huddle01.com//docs/React-Native/hooks/useLobby
http://docs.huddle01.com//docs/React-Native/hooks/usePeerIds
http://docs.huddle01.com//docs/React-Native/hooks/useLocalPeer
http://docs.huddle01.com//docs/React-Native/hooks/useLocalVideo
http://docs.huddle01.com//docs/React-Native/hooks/useLocalAudio
http://docs.huddle01.com//docs/React-Native/hooks/useLocalScreenShare
http://docs.huddle01.com//docs/React-Native/hooks/useRemotePeer
http://docs.huddle01.com//docs/React-Native/hooks/useRemoteVideo
http://docs.huddle01.com//docs/React-Native/hooks/useRemoteAudio
http://docs.huddle01.com//docs/React-Native/hooks/useRemoteScreenShare
http://docs.huddle01.com//docs/React-Native/hooks/useDataMessage
http://docs.huddle01.com//docs/React-Native/hooks/useDevices
http://docs.huddle01.com//docs/React-Native/hooks/useActivePeers
http://docs.huddle01.com//docs/React-Native/hooks/useRoomMetadata
http://docs.huddle01.com//docs/React-Native/advanced
http://docs.huddle01.com//docs/React-Native/advanced/useHuddle01
http://docs.huddle01.com//docs/React-Native/advanced/useLocalMedia
http://docs.huddle01.com//docs/React-Native/advanced/useRemoteMedia
http://docs.huddle01.com//docs/React-Native/playback
http://docs.huddle01.com//docs/React-Native/expo
http://docs.huddle01.com//docs/Server-SDK
http://docs.huddle01.com//docs/Server-SDK/quickstart
http://docs.huddle01.com//docs/Server-SDK/access-token
http://docs.huddle01.com//docs/Server-SDK/recorder
http://docs.huddle01.com//docs/Server-SDK/webhooks
http://docs.huddle01.com//docs/Server-SDK/api-functions
http://docs.huddle01.com//docs/Server-SDK/api-functions/create-room
http://docs.huddle01.com//docs/Server-SDK/api-functions/get-live-participants
http://docs.huddle01.com//docs/Server-SDK/api-functions/get-live-sessions
http://docs.huddle01.com//docs/Server-SDK/api-functions/get-metrics
http://docs.huddle01.com//docs/Server-SDK/api-functions/get-participants
http://docs.huddle01.com//docs/Server-SDK/api-functions/get-room-details
http://docs.huddle01.com//docs/Server-SDK/api-functions/get-rooms
http://docs.huddle01.com//docs/Server-SDK/api-functions/get-room-meetings
http://docs.huddle01.com//docs/Flutter
http://docs.huddle01.com//docs/Flutter/quickstart
http://docs.huddle01.com//docs/Flutter/walkthrough
http://docs.huddle01.com//docs/Flutter/example
http://docs.huddle01.com//docs/Flutter/methods
http://docs.huddle01.com//docs/Flutter/methods/init
http://docs.huddle01.com//docs/Flutter/methods/room
http://docs.huddle01.com//docs/Flutter/methods/audio
http://docs.huddle01.com//docs/Flutter/methods/video
http://docs.huddle01.com//docs/Flutter/methods/localPeer
http://docs.huddle01.com//docs/Flutter/methods/remotePeer
http://docs.huddle01.com//docs/Flutter/methods/mediaDevices
http://docs.huddle01.com//docs/Flutter/methods/produce
http://docs.huddle01.com//docs/Flutter/methods/consume
http://docs.huddle01.com//docs/Flutter/methods/sendData
http://docs.huddle01.com//docs/UnityWebglPlugin
http://docs.huddle01.com//docs/UnityWebglPlugin/quickstart
http://docs.huddle01.com//docs/UnityWebglPlugin/example
http://docs.huddle01.com//docs/UnityWebglPlugin/methods
http://docs.huddle01.com//docs/UnityWebglPlugin/methods/init
http://docs.huddle01.com//docs/UnityWebglPlugin/methods/localPeer
http://docs.huddle01.com//docs/UnityWebglPlugin/methods/remotePeer
http://docs.huddle01.com//docs/UnityWebglPlugin/methods/room
http://docs.huddle01.com//docs/UnityWebglPlugin/methods/audio
http://docs.huddle01.com//docs/UnityWebglPlugin/methods/video
http://docs.huddle01.com//docs/UnityWebglPlugin/methods/sendMessage
http://docs.huddle01.com//docs/UnityWebglPlugin/methods/consume
http://docs.huddle01.com//docs/Kotlin
http://docs.huddle01.com//docs/Kotlin/quickstart
http://docs.huddle01.com//docs/Kotlin/walkthrough
http://docs.huddle01.com//docs/Kotlin/methods
http://docs.huddle01.com//docs/Kotlin/methods/init
http://docs.huddle01.com//docs/Kotlin/methods/room
http://docs.huddle01.com//docs/Kotlin/methods/audio
http://docs.huddle01.com//docs/Kotlin/methods/video
http://docs.huddle01.com//docs/Kotlin/methods/localPeer
http://docs.huddle01.com//docs/Kotlin/methods/remotePeer
http://docs.huddle01.com//docs/Kotlin/methods/produce
http://docs.huddle01.com//docs/Kotlin/methods/consume
http://docs.huddle01.com//docs/iFrame/intro
http://docs.huddle01.com//docs/iFrame/vanilla
http://docs.huddle01.com//docs/iFrame/react
http://docs.huddle01.com//docs/iFrame/types
http://docs.huddle01.com//docs/cli-tool
http://doc.confluxnetwork.org//
http://doc.confluxnetwork.org//docs/overview
http://doc.confluxnetwork.org//docs/espace/Overview
http://doc.confluxnetwork.org//docs/core/Overview
http://doc.confluxnetwork.org//docs/general
http://doc.confluxnetwork.org//docs/general/article-collection-links/concept-links
http://doc.confluxnetwork.org//docs/general/article-collection-links/reference-links
http://doc.confluxnetwork.org//docs/general/build/nfts/ipfs
http://doc.confluxnetwork.org//zh-CN/docs/general/build/nfts/ipfs
http://doc.confluxnetwork.org//es/docs/general/build/nfts/ipfs
http://doc.confluxnetwork.org//docs/general/
http://doc.confluxnetwork.org//docs/general/conflux-basics/
http://doc.confluxnetwork.org//docs/general/tutorials/transferring-funds/
http://doc.confluxnetwork.org//docs/category/run-a-node
http://doc.confluxnetwork.org//docs/general/run-a-node/Overview
http://doc.confluxnetwork.org//docs/general/run-a-node/
http://doc.confluxnetwork.org//docs/general/run-a-node/node-types
http://doc.confluxnetwork.org//docs/general/run-a-node/snapshot-tool
http://doc.confluxnetwork.org//docs/general/run-a-node/how-to-upgrad
http://doc.confluxnetwork.org//docs/category/advanced
http://doc.confluxnetwork.org//docs/general/run-a-node/nodes-faqs
http://doc.confluxnetwork.org//docs/general/run-a-node/TroubleShooting
http://doc.confluxnetwork.org//docs/category/mining--staking
http://doc.confluxnetwork.org//docs/general/mine-stake/mine/running-mining-node
http://doc.confluxnetwork.org//docs/general/mine-stake/stake/
http://doc.confluxnetwork.org//docs/general/hardforks/
http://doc.confluxnetwork.org//docs/general/build/
http://doc.confluxnetwork.org//docs/category/smart-contracts
http://doc.confluxnetwork.org//docs/category/tools
http://doc.confluxnetwork.org//docs/category/nfts
http://doc.confluxnetwork.org//docs/general/build/nfts/pinata
http://doc.confluxnetwork.org//docs/general/build/grants
http://doc.confluxnetwork.org//docs/category/node-development
http://doc.confluxnetwork.org//docs/general/faq/
http://doc.confluxnetwork.org//docs/general/CONTRIBUTING/
http://doc.confluxnetwork.org//docs/general/blockchain-security/create-wallet
http://doc.confluxnetwork.org//docs/general/blockchain-security/backup-wallet
http://doc.confluxnetwork.org//docs/general/protocols/defi/uniswap-v1
http://doc.confluxnetwork.org//docs/general/protocols/defi/uniswap-v2
http://doc.confluxnetwork.org//docs/general/build/nfts/ipfs#introduction-to-ipfs
http://doc.confluxnetwork.org//docs/general/build/nfts/ipfs#how-does-ipfs-work
http://doc.confluxnetwork.org//docs/general/build/nfts/ipfs#how-to-use-ipfs
http://doc.confluxnetwork.org//docs/general/build/nfts/ipfs#advantages-and-disadvantages-of-ipfs
http://doc.confluxnetwork.org//docs/general/build/nfts/ipfs#additional-resources
http://doc.confluxnetwork.org//docs/tags/ipfs
http://doc.confluxnetwork.org//docs/tags/nft
http://doc.confluxnetwork.org//docs/espace/network-endpoints
http://doc.confluxnetwork.org//docs/core/conflux_rpcs
http://developers.cloudflare.com//
http://developers.cloudflare.com//products/
http://developers.cloudflare.com//learning-paths/
http://developers.cloudflare.com//support/contacting-cloudflare-support/
http://developers.cloudflare.com//web3/
http://developers.cloudflare.com//web3/about/
http://developers.cloudflare.com//web3/get-started/
http://developers.cloudflare.com//web3/how-to/
http://developers.cloudflare.com//web3/how-to/manage-gateways/
http://developers.cloudflare.com//web3/how-to/enable-gateways/
http://developers.cloudflare.com//web3/how-to/use-ethereum-gateway/
http://developers.cloudflare.com//web3/how-to/use-ipfs-gateway/
http://developers.cloudflare.com//web3/how-to/customize-cloudflare-settings/
http://developers.cloudflare.com//web3/how-to/restrict-gateway-access/
http://developers.cloudflare.com//web3/ipfs-gateway/
http://developers.cloudflare.com//web3/ipfs-gateway/concepts/
http://developers.cloudflare.com//web3/ipfs-gateway/concepts/ipfs/
http://developers.cloudflare.com//web3/ipfs-gateway/concepts/dnslink/
http://developers.cloudflare.com//web3/ipfs-gateway/concepts/universal-gateway/
http://developers.cloudflare.com//web3/ipfs-gateway/reference/
http://developers.cloudflare.com//web3/ipfs-gateway/reference/peering-with-content-providers/
http://developers.cloudflare.com//web3/ipfs-gateway/reference/updating-for-ipfs/
http://developers.cloudflare.com//web3/ipfs-gateway/reference/automated-deployment/
http://developers.cloudflare.com//web3/ipfs-gateway/troubleshooting/
http://developers.cloudflare.com//web3/ethereum-gateway/
http://developers.cloudflare.com//web3/ethereum-gateway/concepts/
http://developers.cloudflare.com//web3/ethereum-gateway/concepts/ethereum/
http://developers.cloudflare.com//web3/ethereum-gateway/concepts/node-types/
http://developers.cloudflare.com//web3/ethereum-gateway/reference/
http://developers.cloudflare.com//web3/ethereum-gateway/reference/supported-api-methods/
http://developers.cloudflare.com//web3/ethereum-gateway/reference/supported-networks/
http://developers.cloudflare.com//web3/ethereum-gateway/reference/rinkeby-deprecation/
http://developers.cloudflare.com//web3/ethereum-gateway/reference/kill-switches/
http://developers.cloudflare.com//web3/reference/
http://developers.cloudflare.com//web3/reference/gateway-dns-records/
http://developers.cloudflare.com//web3/reference/gateway-status/
http://developers.cloudflare.com//web3/reference/migration-guide/
http://developers.cloudflare.com//web3/reference/limits/
http://developers.cloudflare.com//api/operations/web3-hostname-list-web3-hostnames
http://developers.cloudflare.com/
http://docs.ipfs.tech//
http://docs.ipfs.tech/install/
http://docs.ipfs.tech/concepts/
http://docs.ipfs.tech/how-to/
http://docs.ipfs.tech/reference/
http://docs.ipfs.tech/project/
http://docs.ipfs.tech/case-studies/arbol/
http://docs.ipfs.tech/case-studies/audius.html
http://docs.ipfs.tech/case-studies/fleek.html
http://docs.ipfs.tech/case-studies/likecoin.html
http://docs.ipfs.tech/case-studies/morpheus.html
http://docs.ipfs.tech/case-studies/snapshot.html
http://docs.ipfs.tech/concepts/glossary/#content-addressing
http://docs.ipfs.tech/concepts/#learn-the-basics
http://docs.ipfs.tech/quickstart/publish/
http://docs.ipfs.tech/quickstart/retrieve/#fetching-the-cid-with-an-ipfs-gateway
http://docs.ipfs.tech/install/ipfs-desktop/
http://docs.ipfs.tech/install/ipfs-companion/
http://docs.ipfs.tech/install/command-line/
http://docs.ipfs.tech/concepts/ipfs-implementations/
http://docs.ipfs.tech/reference/kubo/rpc/
http://docs.ipfs.tech/reference/kubo-rpc-cli/
http://docs.ipfs.tech/reference/http/gateway/
http://docs.ipfs.tech/concepts/#ideas-and-theory
http://docs.ipfs.tech/concepts/#subsystems-and-components
http://docs.ipfs.tech/concepts/comparisons/
http://docs.ipfs.tech/community/#get-technical-support-and-help
http://docs.ipfs.tech/community/
http://docs.libp2p.io//
http://docs.libp2p.io//concepts/introduction/overview
http://docs.libp2p.io//guides/getting-started/go/
http://docs.libp2p.io//concepts/introduction/overview/
http://docs.libp2p.io//guides/
https://fvm.filecoin.io/?utm_source=filecoin-website&utm_medium=referral&utm_campaign=fvm-launch&utm_conte
https://filecoin.io./store/
https://sp.filecoin.io/?utm_source=filecoin&utm_medium=referral&utm_campaign=sp-nav&utm_content=en-us
https://filecoin.io./build/
https://filecoin.io./blog/
https://filecoin.io./en
https://filecoin.io./zh-cn
https://filecoin.io/slack
https://filecoin.io/blog/
https://docs.filecoin.io/
https://security.filecoin.io/
https://docs.opensource.observer/docs/get-started/
https://docs.opensource.observer/docs/
https://docs.opensource.observer/docs/contribute/project-data
https://docs.opensource.observer/docs/contribute/connect-data/
https://docs.opensource.observer/docs/contribute/connect-data/bigquery/
https://docs.opensource.observer/docs/contribute/connect-data/bigquery/replication
https://docs.opensource.observer/docs/contribute/connect-data/quickstart
https://docs.opensource.observer/docs/contribute/connect-data/database
https://docs.opensource.observer/docs/contribute/connect-data/api
https://docs.opensource.observer/docs/contribute/connect-data/gcs
https://docs.opensource.observer/docs/contribute/connect-data/dagster
https://docs.opensource.observer/docs/contribute/connect-data/funding-data
https://docs.opensource.observer/docs/contribute/impact-models
https://docs.opensource.observer/docs/contribute/share-insights
https://docs.opensource.observer/docs/contribute/challenges/
https://docs.opensource.observer/docs/contribute/challenges/2024-07-30-openrank
https://docs.opensource.observer/docs/contribute/challenges/2024-07-02-rf4-metrics-audit
https://docs.opensource.observer/docs/contribute/challenges/2024-04-05-data-challenge-01
https://docs.opensource.observer/docs/contribute/challenges/bounties
https://docs.opensource.observer/docs/contribute/join-team
https://docs.opensource.observer/docs/integrate/
https://docs.opensource.observer/docs/integrate/overview/
https://docs.opensource.observer/docs/integrate/query-data
https://docs.opensource.observer/docs/integrate/python-notebooks
https://docs.opensource.observer/docs/integrate/3rd-party
https://docs.opensource.observer/docs/integrate/api
https://docs.opensource.observer/docs/integrate/oss-directory
https://docs.opensource.observer/docs/how-oso-works/
https://docs.opensource.observer/docs/how-oso-works/mission
https://docs.opensource.observer/docs/how-oso-works/oss-directory/
https://docs.opensource.observer/docs/how-oso-works/oss-directory/collection
https://docs.opensource.observer/docs/how-oso-works/oss-directory/project
https://docs.opensource.observer/docs/how-oso-works/oss-directory/artifact
https://docs.opensource.observer/docs/how-oso-works/oss-directory/schema-updates
https://docs.opensource.observer/docs/how-oso-works/event
https://docs.opensource.observer/docs/how-oso-works/impact-metrics/
https://docs.opensource.observer/docs/how-oso-works/impact-metrics/code
https://docs.opensource.observer/docs/how-oso-works/impact-metrics/onchain
https://docs.opensource.observer/docs/how-oso-works/impact-metrics/package
https://docs.opensource.observer/docs/how-oso-works/impact-metrics/dependencies
https://docs.opensource.observer/docs/how-oso-works/architecture
https://docs.opensource.observer/docs/how-oso-works/style-guide
https://docs.opensource.observer/docs/how-oso-works/ecosystems/arbitrum
https://docs.opensource.observer/docs/how-oso-works/ecosystems/pln
https://docs.opensource.observer/docs/how-oso-works/ecosystems/superchain
https://docs.opensource.observer/docs/how-oso-works/ops/
https://docs.opensource.observer/docs/how-oso-works/ops/hasura
https://docs.opensource.observer/docs/how-oso-works/ops/supabase
https://docs.opensource.observer/docs/references/
https://docs.opensource.observer/docs/references/faq